%time,field.header.seq,field.header.stamp,field.header.frame_id,field.positioning_dim,field.latitude,field.longitude,field.height,field.latitude_error,field.longitude_error,field.height_error,field.gps_connection_status,field.antena_status_open,field.antena_status_short
1634523330244469237,6871,1634523330244347475,gps_m2/gps,3,35.0188381,137.1425344,39.2070007324,0.558690786362,0.512384295464,1.22661066055,2,1,1
1634523331244473945,6872,1634523331244346881,gps_m2/gps,3,35.018952,137.1427871,39.3880004883,0.558236658573,0.511400222778,1.22442615032,2,1,1
1634523332244512712,6873,1634523332244386078,gps_m2/gps,3,35.0190663,137.1430403,39.6010017395,0.557339310646,0.510353624821,1.22216296196,2,1,1
1634523333244334223,6874,1634523333244238582,gps_m2/gps,3,35.0191807,137.1432937,39.8320007324,0.556271970272,0.509365797043,1.2197663784,2,1,1
1634523334244415752,6875,1634523334244324076,gps_m2/gps,3,35.0192947,137.1435469,40.0989990234,0.555435717106,0.508325695992,1.21703219414,2,1,1
1634523335245788427,6876,1634523335245372231,gps_m2/gps,3,35.0194078,137.1437985,40.3790016174,0.555254340172,0.507788658142,1.21452271938,2,1,1
1634523336244464587,6877,1634523336244318975,gps_m2/gps,3,35.0195197,137.1440482,40.6290016174,0.555054485798,0.507344484329,1.21343839169,2,1,1
1634523337244405694,6878,1634523337244313055,gps_m2/gps,3,35.0196304,137.1442958,40.8310012817,0.554268717766,0.506671190262,1.21195697784,2,1,1
1634523338246407330,6879,1634523338246264252,gps_m2/gps,3,35.0197407,137.144542,41.0279998779,0.553643226624,0.506070315838,1.21075165272,2,1,1
1634523339244619918,6880,1634523339244374237,gps_m2/gps,3,35.019851,137.1447874,41.2770004272,0.55345416069,0.505507051945,1.20990467072,2,1,1
1634523340244759483,6881,1634523340244423215,gps_m2/gps,3,35.0199614,137.1450323,41.5379981995,0.554147303104,0.505289435387,1.21087503433,2,1,1
1634523341245157254,6882,1634523341245056202,gps_m2/gps,3,35.0200729,137.1452771,41.8100013733,0.555404067039,0.505418419838,1.21243929863,2,1,1
1634523342245425258,6883,1634523342245295114,gps_m2/gps,3,35.0201859,137.1455217,42.0499992371,0.556012392044,0.505233705044,1.21240222454,2,1,1
1634523343244600218,6884,1634523343244461531,gps_m2/gps,3,35.0203011,137.1457651,42.3310012817,0.556187093258,0.505247533321,1.21458876133,2,1,1
1634523344245219557,6885,1634523344244998873,gps_m2/gps,3,35.0204185,137.1460074,42.6040000916,0.556602060795,0.505500257015,1.21718883514,2,1,1
1634523345254472841,6886,1634523345250743620,gps_m2/gps,3,35.0205385,137.146248,42.7410011292,0.557041227818,0.505353450775,1.21876585484,2,1,1
1634523346244605659,6887,1634523346244381724,gps_m2/gps,3,35.0206607,137.1464873,42.8639984131,0.558581888676,0.505438745022,1.22133123875,2,1,1
1634523347244428317,6888,1634523347244344152,gps_m2/gps,3,35.0207835,137.1467257,42.90599823,0.580494463444,0.51851439476,1.24958455563,2,1,1
1634523348248020762,6889,1634523348247852931,gps_m2/gps,3,35.0209086,137.1469648,42.7050018311,0.612517178059,0.546300292015,1.30670428276,2,1,1
1634523349245857551,6890,1634523349245611125,gps_m2/gps,3,35.0210342,137.1472018,42.7010002136,0.627009987831,0.555745244026,1.31034886837,2,1,1
1634523350244886744,6891,1634523350244364221,gps_m2/gps,3,35.0211613,137.1474363,42.6629981995,0.627854406834,0.55495685339,1.31264042854,2,1,1
1634523351245133832,6892,1634523351245041766,gps_m2/gps,3,35.0212905,137.1476691,42.65599823,0.627164542675,0.55388969183,1.31317424774,2,1,1
1634523352246538290,6893,1634523352244279248,gps_m2/gps,3,35.0214177,137.1478999,42.3190002441,0.634168446064,0.55847132206,1.32252943516,2,1,1
1634523353245601542,6894,1634523353245500938,gps_m2/gps,3,35.0215488,137.1481264,42.5260009766,0.647550284863,0.57215577364,1.35111546516,2,1,1
1634523354245401491,6895,1634523354245279410,gps_m2/gps,3,35.0216812,137.1483545,42.5219993591,0.6550963521,0.580350339413,1.35723376274,2,1,1
1634523355244744895,6896,1634523355244275344,gps_m2/gps,3,35.0218167,137.1485824,42.4300003052,0.656709849834,0.581296563148,1.3595058918,2,1,1
1634523356244485235,6897,1634523356244374275,gps_m2/gps,3,35.0219544,137.148809,42.2280006409,0.656620621681,0.581878781319,1.35873913765,2,1,1
1634523357244708788,6898,1634523357244611054,gps_m2/gps,3,35.0220931,137.1490348,41.9440002441,0.654993414879,0.58158326149,1.35581552982,2,1,1
1634523358244419992,6899,1634523358244318836,gps_m2/gps,3,35.0222329,137.1492601,41.7649993896,0.652458071709,0.579354286194,1.35270094872,2,1,1
1634523359244331121,6900,1634523359244190166,gps_m2/gps,3,35.0223748,137.1494831,41.6759986877,0.650152981281,0.577295303345,1.34924077988,2,1,1
1634523360246003366,6901,1634523360244511409,gps_m2/gps,3,35.0225179,137.1497048,41.5670013428,0.649078667164,0.577031433582,1.34809410572,2,1,1
1634523361244596976,6902,1634523361244491634,gps_m2/gps,3,35.0226615,137.1499257,41.4510002136,0.64845341444,0.576995611191,1.34643435478,2,1,1
1634523362244403257,6903,1634523362244237987,gps_m2/gps,3,35.0228043,137.1501465,41.2849998474,0.647203743458,0.576402485371,1.34337568283,2,1,1
1634523363245248832,6904,1634523363245130322,gps_m2/gps,3,35.0229461,137.1503674,41.1430015564,0.645198523998,0.575452208519,1.34035480022,2,1,1
1634523364244570364,6905,1634523364244469561,gps_m2/gps,3,35.0230878,137.1505881,41.1339988708,0.641614615917,0.572397351265,1.33487343788,2,1,1
1634523365244687972,6906,1634523365244543633,gps_m2/gps,3,35.0232291,137.1508091,41.03099823,0.636882662773,0.56872177124,1.32795596123,2,1,1
1634523366245260130,6907,1634523366245157581,gps_m2/gps,3,35.0233711,137.1510311,40.9840011597,0.63224452734,0.565054059029,1.32035291195,2,1,1
1634523367245359668,6908,1634523367245155385,gps_m2/gps,3,35.0235147,137.1512542,40.966999054,0.627974271774,0.561458528042,1.31305205822,2,1,1
1634523368250796403,6909,1634523368244479856,gps_m2/gps,3,35.0236587,137.1514798,40.9449996948,0.624200224876,0.558081924915,1.30615150928,2,1,1
1634523369245432320,6910,1634523369245183952,gps_m2/gps,3,35.023803,137.1517083,40.9679985046,0.620477259159,0.554877579212,1.29979372025,2,1,1
1634523370245459737,6911,1634523370245367872,gps_m2/gps,3,35.0239466,137.1519402,41.0839996338,0.616896808147,0.551944434643,1.29371595383,2,1,1
1634523371245978072,6912,1634523371245819972,gps_m2/gps,3,35.0240904,137.152174,41.2680015564,0.613686561584,0.549212753773,1.28762602806,2,1,1
1634523372244695925,6913,1634523372244576566,gps_m2/gps,3,35.0242348,137.1524085,41.4930000305,0.610447525978,0.546428501606,1.28178834915,2,1,1
1634523373244572307,6914,1634523373244250864,gps_m2/gps,3,35.0243803,137.1526433,41.736000061,0.607060432434,0.543820679188,1.27629554272,2,1,1
1634523374246825395,6915,1634523374244396341,gps_m2/gps,3,35.0245267,137.1528786,42.0009994507,0.604080736637,0.541511952877,1.27132534981,2,1,1
1634523375245275271,6916,1634523375245151677,gps_m2/gps,3,35.0246743,137.1531141,42.3310012817,0.601343810558,0.539438486099,1.26715934277,2,1,1
1634523376244919698,6917,1634523376244775328,gps_m2/gps,3,35.0248236,137.1533491,42.6710014343,0.598726332188,0.537427902222,1.26350390911,2,1,1
1634523377245788744,6918,1634523377244396500,gps_m2/gps,3,35.0249739,137.1535833,43.03099823,0.596315741539,0.535138368607,1.25903522968,2,1,1
1634523378244287548,6919,1634523378244176102,gps_m2/gps,3,35.0251244,137.1538172,43.3530006409,0.594504594803,0.533277094364,1.25625145435,2,1,1
1634523379244478563,6920,1634523379244341426,gps_m2/gps,3,35.0252746,137.1540516,43.7159996033,0.592466652393,0.531580209732,1.25263881683,2,1,1
1634523380244942497,6921,1634523380244813515,gps_m2/gps,3,35.0254246,137.1542865,44.09400177,0.590612530708,0.529920876026,1.2496240139,2,1,1
1634523381244465702,6922,1634523381244330380,gps_m2/gps,3,35.025575,137.1545216,44.4780006409,0.588787555695,0.52827835083,1.24625754356,2,1,1
1634523382246935076,6923,1634523382246833846,gps_m2/gps,3,35.0257258,137.1547574,44.7919998169,0.58720189333,0.526875257492,1.24453163147,2,1,1
1634523383245216119,6924,1634523383244594287,gps_m2/gps,3,35.0258774,137.1549941,45.0400009155,0.585978806019,0.525229990482,1.24175572395,2,1,1
1634523384244826955,6925,1634523384244349376,gps_m2/gps,3,35.0260298,137.1552315,45.2480010986,0.585064530373,0.523915827274,1.24096870422,2,1,1
1634523385244502487,6926,1634523385244315086,gps_m2/gps,3,35.0261825,137.1554693,45.3330001831,0.584835231304,0.524029135704,1.24201512337,2,1,1
1634523386244591910,6927,1634523386244298816,gps_m2/gps,3,35.0263358,137.155707,45.3689994812,0.585181474686,0.525016665459,1.2469574213,2,1,1
1634523387244787460,6928,1634523387244390848,gps_m2/gps,3,35.0264896,137.1559448,45.3079986572,0.5859567523,0.526111185551,1.25327992439,2,1,1
1634523388244485559,6929,1634523388244319650,gps_m2/gps,3,35.0266435,137.1561822,45.2290000916,0.585924386978,0.527709901333,1.26191699505,2,1,1
1634523389244436604,6930,1634523389244239416,gps_m2/gps,3,35.0267982,137.1564183,45.0540008545,0.58462870121,0.528112530708,1.2642326355,2,1,1
1634523390245067412,6931,1634523390244911423,gps_m2/gps,3,35.0269542,137.1566532,44.9210014343,0.583185613155,0.527532458305,1.26501142979,2,1,1
1634523391247315100,6932,1634523391247158514,gps_m2/gps,3,35.0271118,137.1568867,44.7529983521,0.58214867115,0.526921510696,1.26513397694,2,1,1
1634523392244441410,6933,1634523392244341095,gps_m2/gps,3,35.0272717,137.1571177,44.5870018005,0.580567657948,0.525605916977,1.26285743713,2,1,1
1634523393245094497,6934,1634523393244977938,gps_m2/gps,3,35.0274346,137.1573453,44.3989982605,0.578630983829,0.523955821991,1.2596950531,2,1,1
1634523394246415769,6935,1634523394246299367,gps_m2/gps,3,35.0276001,137.1575693,44.4140014648,0.57713663578,0.524169445038,1.2605265379,2,1,1
1634523395245660716,6936,1634523395245516113,gps_m2/gps,3,35.0277686,137.1577905,44.0999984741,0.575910508633,0.523078858852,1.259085536,2,1,1
1634523396244684585,6937,1634523396244468404,gps_m2/gps,3,35.0279389,137.1580093,43.8860015869,0.574899017811,0.521940290928,1.25708699226,2,1,1
1634523397247070852,6938,1634523397246408303,gps_m2/gps,3,35.0281103,137.1582259,43.6870002747,0.573920607567,0.520905077457,1.25432813168,2,1,1
1634523398244526023,6939,1634523398244294185,gps_m2/gps,3,35.0282831,137.1584404,43.5120010376,0.573070466518,0.519853830338,1.25094652176,2,1,1
1634523399244990761,6940,1634523399244705575,gps_m2/gps,3,35.0284578,137.1586512,43.4500007629,0.572203755379,0.518364369869,1.24585318565,2,1,1
1634523400244600647,6941,1634523400244470835,gps_m2/gps,3,35.0286341,137.1588604,43.2239990234,0.57136785984,0.517181932926,1.24158728123,2,1,1
1634523401245423067,6942,1634523401245269964,gps_m2/gps,3,35.0288123,137.1590675,43.0849990845,0.57036703825,0.516443550587,1.23832285404,2,1,1
1634523402244350146,6943,1634523402244248024,gps_m2/gps,3,35.0289925,137.1592718,43.0950012207,0.569050133228,0.515273272991,1.2339707613,2,1,1
1634523403244694735,6944,1634523403244469857,gps_m2/gps,3,35.0291744,137.1594725,43.0699996948,0.568093597889,0.514236211777,1.2305136919,2,1,1
1634523404254779734,6945,1634523404250687319,gps_m2/gps,3,35.0293586,137.1596696,43.09400177,0.567507445812,0.513425886631,1.22755753994,2,1,1
1634523405244569114,6946,1634523405244380827,gps_m2/gps,3,35.029545,137.1598636,43.125,0.566863834858,0.512846469879,1.22545933723,2,1,1
1634523406246840870,6947,1634523406244479122,gps_m2/gps,3,35.0297334,137.1600546,43.1800003052,0.566166400909,0.512302517891,1.22348213196,2,1,1
1634523407245558951,6948,1634523407245330630,gps_m2/gps,3,35.0299236,137.160243,43.25,0.565388381481,0.511375486851,1.22077250481,2,1,1
1634523408244727090,6949,1634523408244529489,gps_m2/gps,3,35.030116,137.1604282,43.3569984436,0.564647555351,0.510366261005,1.21782958508,2,1,1
1634523409244616661,6950,1634523409244480065,gps_m2/gps,3,35.0303108,137.1606097,43.5429992676,0.564019262791,0.509528517723,1.21543133259,2,1,1
1634523410245863900,6951,1634523410245616352,gps_m2/gps,3,35.0305079,137.1607872,43.6839981079,0.563302636147,0.508806049824,1.21348416805,2,1,1
1634523411244506715,6952,1634523411244375962,gps_m2/gps,3,35.030707,137.1609612,43.9049987793,0.562337398529,0.507931649685,1.21106028557,2,1,1
1634523412244464216,6953,1634523412244366006,gps_m2/gps,3,35.0309076,137.1611334,44.2999992371,0.561415076256,0.506943941116,1.20845890045,2,1,1
1634523413245683606,6954,1634523413245474504,gps_m2/gps,3,35.0311089,137.1613038,44.6619987488,0.560707509518,0.505980551243,1.20595145226,2,1,1
1634523414244643417,6955,1634523414244455392,gps_m2/gps,3,35.0313103,137.1614736,44.9869995117,0.560224115849,0.505497813225,1.20542836189,2,1,1
1634523415245336625,6956,1634523415244333088,gps_m2/gps,3,35.0315113,137.1616437,45.2900009155,0.559889137745,0.505069673061,1.20400524139,2,1,1
1634523416244367515,6957,1634523416244279802,gps_m2/gps,3,35.0317119,137.1618151,45.5680007935,0.559439778328,0.504403412342,1.20260059834,2,1,1
1634523417244493719,6958,1634523417244312548,gps_m2/gps,3,35.0319121,137.161988,45.8359985352,0.559229552746,0.503954589367,1.20200073719,2,1,1
1634523418245339165,6959,1634523418244376066,gps_m2/gps,3,35.0321124,137.1621618,46.2089996338,0.559783577919,0.504192650318,1.20333003998,2,1,1
1634523419245055710,6960,1634523419244962044,gps_m2/gps,3,35.0323128,137.1623366,46.516998291,0.560694217682,0.506621479988,1.21375095844,2,1,1
1634523420245635065,6961,1634523420245291893,gps_m2/gps,3,35.0325128,137.1625129,46.7989997864,0.561657786369,0.510944068432,1.23046410084,2,1,1
1634523421244438720,6962,1634523421244327974,gps_m2/gps,3,35.0327117,137.1626907,47.1020011902,0.562099397182,0.51365506649,1.24101734161,2,1,1
1634523422244374780,6963,1634523422244274032,gps_m2/gps,3,35.0329088,137.1628703,47.40599823,0.562077045441,0.513642847538,1.24202728271,2,1,1
1634523423245426846,6964,1634523423245290524,gps_m2/gps,3,35.0331032,137.163052,47.6990013123,0.561873376369,0.512805640697,1.24108612537,2,1,1
1634523424245773103,6965,1634523424245595032,gps_m2/gps,3,35.0332941,137.1632366,47.9990005493,0.561394333839,0.512050271034,1.24003815651,2,1,1
1634523425244709123,6966,1634523425244450477,gps_m2/gps,3,35.0334823,137.1634233,48.2840003967,0.560853242874,0.5114762187,1.23880827427,2,1,1
1634523426244321050,6967,1634523426244226295,gps_m2/gps,3,35.0336686,137.1636109,48.5060005188,0.560439169407,0.51101487875,1.23750960827,2,1,1
1634523427246208145,6968,1634523427245831947,gps_m2/gps,3,35.0338528,137.1637996,48.6459999084,0.560053169727,0.510663628578,1.2369260788,2,1,1
1634523428244485986,6969,1634523428244336137,gps_m2/gps,3,35.0340354,137.1639904,48.8230018616,0.55964756012,0.510313332081,1.23630905151,2,1,1
1634523429244469517,6970,1634523429244310769,gps_m2/gps,3,35.0342165,137.1641832,48.9659996033,0.559298574924,0.510078668594,1.23620152473,2,1,1
1634523430244305519,6971,1634523430244212906,gps_m2/gps,3,35.0343962,137.164378,49.1549987793,0.558998882771,0.509889781475,1.23608779907,2,1,1
1634523431244492975,6972,1634523431244370827,gps_m2/gps,3,35.0345745,137.1645755,49.3129997253,0.558457016945,0.509624242783,1.23561298847,2,1,1
1634523432244547747,6973,1634523432244450105,gps_m2/gps,3,35.0347511,137.1647761,49.4490013123,0.557748675346,0.509471654892,1.23524546623,2,1,1
1634523433244428049,6974,1634523433244266456,gps_m2/gps,3,35.034926,137.1649801,49.6259994507,0.557189941406,0.509621083736,1.23602557182,2,1,1
1634523434244610935,6975,1634523434244224629,gps_m2/gps,3,35.0350992,137.1651873,49.7270011902,0.556876182556,0.509584128857,1.23561930656,2,1,1
1634523435244500562,6976,1634523435244336976,gps_m2/gps,3,35.0352719,137.1653969,50.1240005493,0.559489130974,0.51274394989,1.24156963825,2,1,1
1634523436244372260,6977,1634523436244289973,gps_m2/gps,3,35.035443,137.1656084,50.297000885,0.560879647732,0.514309108257,1.24265754223,2,1,1
1634523437245053793,6978,1634523437244972011,gps_m2/gps,3,35.0356122,137.1658219,50.3839988708,0.559981644154,0.514168798923,1.24255955219,2,1,1
1634523438244507798,6979,1634523438244349744,gps_m2/gps,3,35.03578,137.166037,50.4630012512,0.559625983238,0.514495968819,1.24465310574,2,1,1
1634523439244440732,6980,1634523439244312384,gps_m2/gps,3,35.0359457,137.1662541,50.4970016479,0.559505164623,0.514928400517,1.24706196785,2,1,1
1634523440244410577,6981,1634523440244303845,gps_m2/gps,3,35.0361081,137.1664726,50.3390007019,0.562076926231,0.516585469246,1.25592708588,2,1,1
1634523441245899413,6982,1634523441245789100,gps_m2/gps,3,35.0362692,137.1666933,50.2309989929,0.56315100193,0.517439842224,1.2574287653,2,1,1
1634523442244189215,6983,1634523442244088980,gps_m2/gps,3,35.0364285,137.1669167,50.1769981384,0.563046276569,0.517416119576,1.25780236721,2,1,1
1634523443244201877,6984,1634523443244102302,gps_m2/gps,3,35.0365858,137.1671417,50.1290016174,0.562832772732,0.517129719257,1.25681042671,2,1,1
1634523444244196539,6985,1634523444244076043,gps_m2/gps,3,35.0367415,137.1673682,50.0359992981,0.562546670437,0.518259704113,1.26109707355,2,1,1
1634523445244333131,6986,1634523445244195218,gps_m2/gps,3,35.0368951,137.1675968,49.96900177,0.562301874161,0.519061565399,1.2633664608,2,1,1
1634523446244402303,6987,1634523446244322137,gps_m2/gps,3,35.0370465,137.1678277,49.9049987793,0.562228143215,0.518900513649,1.26306509972,2,1,1
1634523447244126345,6988,1634523447244037916,gps_m2/gps,3,35.0371958,137.1680604,49.7919998169,0.562196850777,0.518645465374,1.26293444633,2,1,1
1634523448244283456,6989,1634523448244053824,gps_m2/gps,3,35.0373431,137.1682953,49.6800003052,0.561744272709,0.51827788353,1.26218020916,2,1,1
1634523449247694617,6990,1634523449247326945,gps_m2/gps,3,35.037489,137.1685314,49.5410003662,0.561131238937,0.517747402191,1.26106119156,2,1,1
1634523450244355190,6991,1634523450244125961,gps_m2/gps,3,35.0376332,137.168769,49.4339981079,0.560387372971,0.517132461071,1.25951123238,2,1,1
1634523451244671976,6992,1634523451244183609,gps_m2/gps,3,35.037775,137.1690087,49.3489990234,0.55954760313,0.516410887241,1.25792968273,2,1,1
1634523452244296830,6993,1634523452244139241,gps_m2/gps,3,35.0379143,137.1692501,49.34400177,0.558719992638,0.515680253506,1.25628304482,2,1,1
1634523453247051519,6994,1634523453246937472,gps_m2/gps,3,35.0380513,137.1694932,49.3569984436,0.558008611202,0.515178203583,1.25534808636,2,1,1
1634523454244361175,6995,1634523454244265399,gps_m2/gps,3,35.0381863,137.1697374,49.4259986877,0.557397484779,0.514862537384,1.25493073463,2,1,1
1634523455248610533,6996,1634523455248505736,gps_m2/gps,3,35.0383195,137.1699825,49.5449981689,0.556931376457,0.514431238174,1.25409460068,2,1,1
1634523456245457964,6997,1634523456244983871,gps_m2/gps,3,35.0384506,137.1702287,49.6689987183,0.556696116924,0.514025390148,1.25276219845,2,1,1
1634523457244081554,6998,1634523457243991859,gps_m2/gps,3,35.0385785,137.1704766,49.8950004578,0.556901931763,0.513725876808,1.25113356113,2,1,1
1634523458246731844,6999,1634523458245125152,gps_m2/gps,3,35.0387033,137.1707268,50.1459999084,0.558301925659,0.513165354729,1.2483997345,2,1,1
1634523459245065734,7000,1634523459244982753,gps_m2/gps,3,35.0388254,137.1709787,50.4379997253,0.559836924076,0.514939725399,1.24723684788,2,1,1
1634523460245305817,7001,1634523460245005905,gps_m2/gps,3,35.0389464,137.1712317,50.7540016174,0.561067819595,0.515523254871,1.24713563919,2,1,1
1634523461245393990,7002,1634523461245276457,gps_m2/gps,3,35.0390653,137.1714866,51.2760009766,0.565525233746,0.516428351402,1.24691176414,2,1,1
1634523462244638663,7003,1634523462244535757,gps_m2/gps,3,35.0391823,137.1717426,51.533000946,0.569116413593,0.519005835056,1.25061488152,2,1,1
1634523463251342945,7004,1634523463251045421,gps_m2/gps,3,35.0392964,137.1719992,51.7529983521,0.569576323032,0.521167039871,1.25459098816,2,1,1
1634523464245064378,7005,1634523464244981636,gps_m2/gps,3,35.0394089,137.1722574,52.1570014954,0.569279670715,0.521920263767,1.25604844093,2,1,1
1634523465244285847,7006,1634523465244138652,gps_m2/gps,3,35.0395202,137.1725169,52.6570014954,0.569813966751,0.521759212017,1.25712454319,2,1,1
1634523466244103918,7007,1634523466244014715,gps_m2/gps,3,35.0396291,137.1727781,53.2140007019,0.570800423622,0.521587431431,1.25802731514,2,1,1
1634523467244822719,7008,1634523467244640322,gps_m2/gps,3,35.0397363,137.1730407,53.7410011292,0.571001470089,0.521067380905,1.25756490231,2,1,1
1634523468243603960,7009,1634523468243506182,gps_m2/gps,3,35.0398418,137.1733047,54.263999939,0.570513308048,0.520591914654,1.25687038898,2,1,1
1634523469244501477,7010,1634523469244383291,gps_m2/gps,3,35.0399454,137.17357,54.7879981995,0.570143997669,0.519724905491,1.25449407101,2,1,1
1634523470243620565,7011,1634523470243447921,gps_m2/gps,3,35.0400471,137.1738363,55.3549995422,0.569437086582,0.518469214439,1.25095701218,2,1,1
1634523471243574176,7012,1634523471243432500,gps_m2/gps,3,35.0401465,137.1741041,55.90599823,0.568738281727,0.517307043076,1.24774587154,2,1,1
1634523472245418577,7013,1634523472245332035,gps_m2/gps,3,35.0402436,137.1743737,56.4189987183,0.567895829678,0.516249477863,1.24438416958,2,1,1
1634523473244402810,7014,1634523473244267470,gps_m2/gps,3,35.0403392,137.1746442,56.9179992676,0.566568255424,0.515321195126,1.24135959148,2,1,1
1634523474245565924,7015,1634523474245413069,gps_m2/gps,3,35.0404338,137.1749159,57.3639984131,0.565326631069,0.514498591423,1.23831582069,2,1,1
1634523475244573843,7016,1634523475244449580,gps_m2/gps,3,35.0405272,137.1751886,57.8590011597,0.565235376358,0.514074206352,1.23673462868,2,1,1
1634523476246789150,7017,1634523476245084809,gps_m2/gps,3,35.0406196,137.1754619,58.438999176,0.565348803997,0.517053604126,1.23729419708,2,1,1
1634523477244408862,7018,1634523477244324247,gps_m2/gps,3,35.0407118,137.1757352,58.9889984131,0.565033853054,0.518211305141,1.23412537575,2,1,1
1634523478244604499,7019,1634523478244421136,gps_m2/gps,3,35.0408028,137.1760088,59.5579986572,0.56484079361,0.520425975323,1.23618710041,2,1,1
1634523479244572247,7020,1634523479244432672,gps_m2/gps,3,35.0408928,137.1762838,60.6489982605,0.566157400608,0.52312630415,1.24862766266,2,1,1
1634523480245160392,7021,1634523480245037973,gps_m2/gps,3,35.040983,137.1765586,61.2299995422,0.566905975342,0.525138258934,1.25591099262,2,1,1
1634523481247073155,7022,1634523481246923915,gps_m2/gps,3,35.0410711,137.1768331,61.6930007935,0.56760430336,0.528287172318,1.2661511898,2,1,1
1634523482244452084,7023,1634523482244337565,gps_m2/gps,3,35.0411581,137.1771076,62.1640014648,0.568275392056,0.530223786831,1.26979017258,2,1,1
1634523483244496935,7024,1634523483244391747,gps_m2/gps,3,35.0412444,137.1773821,62.6640014648,0.56915563345,0.530736327171,1.27012014389,2,1,1
1634523484244397257,7025,1634523484244305556,gps_m2/gps,3,35.0413307,137.1776565,63.1090011597,0.569518744946,0.530427396297,1.26934874058,2,1,1
1634523485244587511,7026,1634523485244469927,gps_m2/gps,3,35.0414159,137.1779312,63.59400177,0.570065379143,0.530059456825,1.2688549757,2,1,1
1634523486244489797,7027,1634523486244377460,gps_m2/gps,3,35.0415002,137.1782064,64.0589981079,0.570635020733,0.529592871666,1.26821577549,2,1,1
1634523487244360370,7028,1634523487244279614,gps_m2/gps,3,35.041584,137.1784817,64.5459976196,0.571160793304,0.528959274292,1.2669005394,2,1,1
1634523488245119432,7029,1634523488245011958,gps_m2/gps,3,35.0416668,137.1787577,65.0739974976,0.570971786976,0.527998268604,1.26506638527,2,1,1
1634523489245540437,7030,1634523489245079560,gps_m2/gps,3,35.0417483,137.1790345,65.5199966431,0.570641458035,0.526995718479,1.26397359371,2,1,1
1634523490244574947,7031,1634523490244432194,gps_m2/gps,3,35.0418297,137.1793109,65.9869995117,0.570399701595,0.526038587093,1.26322054863,2,1,1
1634523491244501109,7032,1634523491244347745,gps_m2/gps,3,35.0419108,137.1795875,66.4929962158,0.570360779762,0.5251506567,1.2625566721,2,1,1
1634523492244461308,7033,1634523492244365678,gps_m2/gps,3,35.041992,137.1798644,67.0029983521,0.570289552212,0.524317145348,1.26226866245,2,1,1
1634523493254921779,7034,1634523493254763788,gps_m2/gps,3,35.0420724,137.1801418,67.5240020752,0.570519208908,0.523672699928,1.26295208931,2,1,1
1634523494246336116,7035,1634523494246217544,gps_m2/gps,3,35.0421529,137.1804195,68.0230026245,0.570980250835,0.523174405098,1.26417660713,2,1,1
1634523495244569759,7036,1634523495244466653,gps_m2/gps,3,35.0422346,137.1806971,68.5579986572,0.571161031723,0.522586047649,1.26443243027,2,1,1
1634523496244571509,7037,1634523496244463351,gps_m2/gps,3,35.0423165,137.1809746,69.0329971313,0.570541083813,0.521644711494,1.26250565052,2,1,1
1634523497244405064,7038,1634523497244317211,gps_m2/gps,3,35.042398,137.1812523,69.5680007935,0.569819867611,0.521633386612,1.26280546188,2,1,1
1634523498246888969,7039,1634523498246789701,gps_m2/gps,3,35.0424778,137.1815308,70.1230010986,0.56857085228,0.521267235279,1.26223230362,2,1,1
1634523499244507197,7040,1634523499244408146,gps_m2/gps,3,35.0425553,137.1818099,70.6829986572,0.567661225796,0.520588219166,1.26100802422,2,1,1
1634523500244585703,7041,1634523500244472297,gps_m2/gps,3,35.0426312,137.1820893,71.2320022583,0.567724943161,0.520167887211,1.25959348679,2,1,1
1634523501244621237,7042,1634523501244519339,gps_m2/gps,3,35.0427059,137.1823693,71.702003479,0.568016290665,0.5200496912,1.26034843922,2,1,1
1634523502244471192,7043,1634523502244371798,gps_m2/gps,3,35.0427791,137.18265,72.1839981079,0.568165540695,0.520044386387,1.26090323925,2,1,1
1634523503244644339,7044,1634523503244453239,gps_m2/gps,3,35.0428506,137.1829315,72.6679992676,0.56873100996,0.520078837872,1.2617650032,2,1,1
1634523504246845456,7045,1634523504246587635,gps_m2/gps,3,35.0429211,137.1832135,73.1380004883,0.569655895233,0.519909143448,1.26197445393,2,1,1
1634523505248784738,7046,1634523505248647008,gps_m2/gps,3,35.0429902,137.1834963,73.5810012817,0.570205390453,0.519584178925,1.26243150234,2,1,1
1634523506244436408,7047,1634523506244339390,gps_m2/gps,3,35.0430576,137.18378,73.9929962158,0.570186138153,0.519090056419,1.26238632202,2,1,1
1634523507244415694,7048,1634523507244335128,gps_m2/gps,3,35.0431226,137.1840648,74.4169998169,0.57052141428,0.518695056438,1.26201891899,2,1,1
1634523508244544632,7049,1634523508244437459,gps_m2/gps,3,35.0431854,137.1843504,74.8359985352,0.571361303329,0.51822000742,1.26223826408,2,1,1
1634523509244665204,7050,1634523509244415395,gps_m2/gps,3,35.0432458,137.1846368,75.2289962769,0.572293043137,0.517746150494,1.2634203434,2,1,1
1634523510244557786,7051,1634523510244392329,gps_m2/gps,3,35.0433044,137.1849239,75.6230010986,0.573022544384,0.517454266548,1.26494765282,2,1,1
1634523511246452083,7052,1634523511246317559,gps_m2/gps,3,35.0433616,137.1852107,76.2009963989,0.573655426502,0.517149984837,1.26522123814,2,1,1
1634523512244580522,7053,1634523512244459732,gps_m2/gps,3,35.0434174,137.1854983,76.6350021362,0.574377715588,0.517028093338,1.26700615883,2,1,1
1634523513250896657,7054,1634523513250787045,gps_m2/gps,3,35.043472,137.1857864,77.0410003662,0.575054168701,0.516983628273,1.26884412766,2,1,1
1634523514244596362,7055,1634523514244360719,gps_m2/gps,3,35.0435254,137.1860747,77.422996521,0.575785040855,0.516848862171,1.27017819881,2,1,1
1634523515244415828,7056,1634523515244324254,gps_m2/gps,3,35.0435773,137.1863632,77.8160018921,0.576629638672,0.516781806946,1.27155792713,2,1,1
1634523516244420047,7057,1634523516244325152,gps_m2/gps,3,35.0436276,137.1866521,78.1999969482,0.576865077019,0.516379475594,1.27060866356,2,1,1
1634523517244396100,7058,1634523517244304669,gps_m2/gps,3,35.0436767,137.1869412,78.6190032959,0.576946139336,0.516001343727,1.27016842365,2,1,1
1634523518244588576,7059,1634523518244466288,gps_m2/gps,3,35.0437245,137.1872302,79.016998291,0.576888382435,0.515579581261,1.26934123039,2,1,1
1634523519244637326,7060,1634523519244506335,gps_m2/gps,3,35.0437704,137.1875194,79.4440002441,0.576643645763,0.515008151531,1.26857089996,2,1,1
1634523520244392374,7061,1634523520244302386,gps_m2/gps,3,35.0438137,137.187809,79.8529968262,0.577130377293,0.514742076397,1.26924109459,2,1,1
1634523521244710718,7062,1634523521244511731,gps_m2/gps,3,35.0438546,137.1880989,80.2509994507,0.577833712101,0.514505982399,1.27023637295,2,1,1
1634523522244494530,7063,1634523522244356873,gps_m2/gps,3,35.0438932,137.1883885,80.71900177,0.579387485981,0.514544546604,1.27128982544,2,1,1
1634523523245895143,7064,1634523523245730039,gps_m2/gps,3,35.0439302,137.1886787,81.1190032959,0.580310463905,0.514236450195,1.2704180479,2,1,1
1634523524246950682,7065,1634523524246747258,gps_m2/gps,3,35.0439644,137.1889694,81.4940032959,0.580577790737,0.513691425323,1.26977014542,2,1,1
1634523525244371219,7066,1634523525244285730,gps_m2/gps,3,35.0439956,137.1892606,81.8980026245,0.581071019173,0.513416111469,1.2700521946,2,1,1
1634523526244368119,7067,1634523526244287819,gps_m2/gps,3,35.0440245,137.1895519,82.3030014038,0.581781804562,0.513376295567,1.27175784111,2,1,1
1634523527244383779,7068,1634523527244297222,gps_m2/gps,3,35.0440513,137.1898436,82.7009963989,0.583047449589,0.51370126009,1.27578663826,2,1,1
1634523528244587158,7069,1634523528244416706,gps_m2/gps,3,35.0440761,137.1901356,83.0879974365,0.584686219692,0.514451801777,1.28149461746,2,1,1
1634523529245278488,7070,1634523529244473879,gps_m2/gps,3,35.0440994,137.1904278,83.4570007324,0.586745858192,0.516616284847,1.288423419,2,1,1
1634523530244627628,7071,1634523530244432742,gps_m2/gps,3,35.0441207,137.1907205,83.8450012207,0.605421900749,0.524583876133,1.30168259144,2,1,1
1634523531244830875,7072,1634523531244710883,gps_m2/gps,3,35.0441397,137.1910145,84.2779998779,0.636030375957,0.539092719555,1.34043633938,2,1,1
1634523532244637295,7073,1634523532244446930,gps_m2/gps,3,35.0441591,137.1913065,84.3259963989,0.650549709797,0.551178097725,1.36272192001,2,1,1
1634523533246943636,7074,1634523533246824993,gps_m2/gps,3,35.0441755,137.1915998,84.6620025635,0.650586307049,0.555723726749,1.37792611122,2,1,1
1634523534245219367,7075,1634523534245094620,gps_m2/gps,3,35.0441898,137.1918936,85.0149993896,0.649943649769,0.557199656963,1.38401889801,2,1,1
1634523535244855988,7076,1634523535244745197,gps_m2/gps,3,35.0442018,137.1921876,85.3560028076,0.650855183601,0.55823636055,1.39055931568,2,1,1
1634523536244490181,7077,1634523536244375999,gps_m2/gps,3,35.0442112,137.1924825,85.8499984741,0.651531100273,0.558779418468,1.39575254917,2,1,1
1634523537244494135,7078,1634523537244404670,gps_m2/gps,3,35.0442174,137.1927776,86.2570037842,0.653300762177,0.559225320816,1.40066099167,2,1,1
1634523538244903261,7079,1634523538244723662,gps_m2/gps,3,35.0442214,137.1930727,86.6549987793,0.655428826809,0.559807598591,1.40844237804,2,1,1
1634523539245060846,7080,1634523539244946228,gps_m2/gps,3,35.0442237,137.1933673,87.06199646,0.656853199005,0.560351550579,1.41578269005,2,1,1
1634523540244685741,7081,1634523540244407658,gps_m2/gps,3,35.044224,137.1936618,87.4479980469,0.656949460506,0.560295164585,1.42074561119,2,1,1
1634523541244506136,7082,1634523541244359318,gps_m2/gps,3,35.0442217,137.1939564,87.8450012207,0.654602169991,0.559117674828,1.42131257057,2,1,1
1634523542244588563,7083,1634523542244461813,gps_m2/gps,3,35.0442161,137.1942513,88.266998291,0.650590121746,0.556995153427,1.41380774975,2,1,1
1634523543244635708,7084,1634523543244536046,gps_m2/gps,3,35.0442085,137.194546,88.6760025024,0.646467506886,0.554785251617,1.4059741497,2,1,1
1634523544244450074,7085,1634523544244358210,gps_m2/gps,3,35.0441998,137.1948406,89.091003418,0.642968952656,0.553461134434,1.39968955517,2,1,1
1634523545244742653,7086,1634523545244603092,gps_m2/gps,3,35.04419,137.1951348,89.5429992676,0.642188489437,0.556888341904,1.39702117443,2,1,1
1634523546244436571,7087,1634523546244340412,gps_m2/gps,3,35.0441781,137.1954303,90.0660018921,0.642109155655,0.559943258762,1.40125489235,2,1,1
1634523547244531359,7088,1634523547244444689,gps_m2/gps,3,35.0441618,137.1957253,90.7900009155,0.662411808968,0.564366340637,1.41235470772,2,1,1
1634523548244509032,7089,1634523548244399014,gps_m2/gps,3,35.044145,137.1960194,91.2220001221,0.676010549068,0.566260695457,1.42026627064,2,1,1
1634523549244520037,7090,1634523549244403276,gps_m2/gps,3,35.0441263,137.1963129,91.6330032349,0.672803580761,0.56651198864,1.42664241791,2,1,1
1634523550244560910,7091,1634523550244418807,gps_m2/gps,3,35.0441052,137.1966061,91.9309997559,0.669691860676,0.565640032291,1.42335295677,2,1,1
1634523551244515907,7092,1634523551244411161,gps_m2/gps,3,35.0440813,137.1968989,92.3030014038,0.666735172272,0.564303219318,1.41946053505,2,1,1
1634523552244844411,7093,1634523552244414602,gps_m2/gps,3,35.0440547,137.1971917,92.8249969482,0.663756787777,0.562993526459,1.41530954838,2,1,1
1634523553244682841,7094,1634523553244542822,gps_m2/gps,3,35.0440253,137.1974839,93.2580032349,0.661543309689,0.561669528484,1.4139264822,2,1,1
1634523554244895171,7095,1634523554244588174,gps_m2/gps,3,35.043994,137.1977759,93.6569976807,0.658784329891,0.559971928596,1.41097247601,2,1,1
1634523555244424159,7096,1634523555244329774,gps_m2/gps,3,35.0439615,137.1980676,94.0559997559,0.655428528786,0.558136403561,1.40698230267,2,1,1
1634523556247470369,7097,1634523556247240308,gps_m2/gps,3,35.043928,137.198359,94.4240036011,0.651756227016,0.556376099586,1.40299773216,2,1,1
1634523557244570129,7098,1634523557244461162,gps_m2/gps,3,35.0438928,137.1986501,94.8450012207,0.647443652153,0.554349780083,1.39500403404,2,1,1
1634523558244888506,7099,1634523558244796383,gps_m2/gps,3,35.0438549,137.1989407,95.2509994507,0.643250286579,0.5521941185,1.38846850395,2,1,1
1634523559244755325,7100,1634523559244511875,gps_m2/gps,3,35.0438141,137.1992308,95.6600036621,0.639088094234,0.549787044525,1.3803678751,2,1,1
1634523560245229647,7101,1634523560245131482,gps_m2/gps,3,35.0437708,137.1995207,96.0680007935,0.635635495186,0.547679901123,1.37404572964,2,1,1
1634523561245848275,7102,1634523561245112432,gps_m2/gps,3,35.0437253,137.1998104,96.4479980469,0.6322914958,0.545644640923,1.36774623394,2,1,1
1634523562247071276,7103,1634523562246953850,gps_m2/gps,3,35.0436777,137.2000999,96.8710021973,0.629148900509,0.543550312519,1.36161613464,2,1,1
1634523563245198153,7104,1634523563245097660,gps_m2/gps,3,35.043628,137.2003888,97.2409973145,0.626329004765,0.541301488876,1.35432755947,2,1,1
1634523564246986702,7105,1634523564246794989,gps_m2/gps,3,35.0435761,137.2006773,97.6510009766,0.6241568923,0.53970938921,1.35026359558,2,1,1
1634523565245375297,7106,1634523565245267725,gps_m2/gps,3,35.0435221,137.2009653,98.1070022583,0.622235059738,0.538260877132,1.34625029564,2,1,1
1634523566246989262,7107,1634523566246816997,gps_m2/gps,3,35.0434658,137.201253,98.5490036011,0.620258271694,0.536358952522,1.34162414074,2,1,1
1634523567244442935,7108,1634523567244345141,gps_m2/gps,3,35.0434072,137.2015401,98.9739990234,0.618066370487,0.534661889076,1.33828985691,2,1,1
1634523568245239510,7109,1634523568245123378,gps_m2/gps,3,35.0433471,137.2018267,99.3990020752,0.615929067135,0.533142328262,1.33494079113,2,1,1
1634523569245585205,7110,1634523569245115783,gps_m2/gps,3,35.0432852,137.2021129,99.8050003052,0.613943994045,0.531584858894,1.32945048809,2,1,1
1634523570245172321,7111,1634523570245065519,gps_m2/gps,3,35.0432214,137.2023982,100.225997925,0.611918091774,0.530364096165,1.32327795029,2,1,1
1634523571245247523,7112,1634523571245143557,gps_m2/gps,3,35.0431559,137.2026827,100.649002075,0.609915196896,0.529461443424,1.31807351112,2,1,1
1634523572244684805,7113,1634523572244582713,gps_m2/gps,3,35.043088,137.2029662,101.04699707,0.608359515667,0.528929412365,1.31506037712,2,1,1
1634523573244546333,7114,1634523573244448861,gps_m2/gps,3,35.0430173,137.2032484,101.434997559,0.607252955437,0.528634607792,1.31327962875,2,1,1
1634523574244673138,7115,1634523574244548471,gps_m2/gps,3,35.0429444,137.2035296,101.819999695,0.606577932835,0.528334796429,1.31142389774,2,1,1
1634523575244865858,7116,1634523575244646137,gps_m2/gps,3,35.0428699,137.2038099,102.196998596,0.606280565262,0.528174459934,1.31065678596,2,1,1
1634523576243691733,7117,1634523576243593621,gps_m2/gps,3,35.0427934,137.2040892,102.582000732,0.606257557869,0.528230845928,1.31071007252,2,1,1
1634523577244527302,7118,1634523577244442270,gps_m2/gps,3,35.0427147,137.204367,102.98500061,0.606324672699,0.529698312283,1.31562495232,2,1,1
1634523578244324722,7119,1634523578244217208,gps_m2/gps,3,35.0426352,137.2046427,103.519996643,0.606771826744,0.535071611404,1.33066487312,2,1,1
1634523579245155181,7120,1634523579245047255,gps_m2/gps,3,35.0425524,137.2049181,104.023002625,0.607448875904,0.537151992321,1.3342165947,2,1,1
1634523580245206082,7121,1634523580245081653,gps_m2/gps,3,35.0424673,137.2051932,104.43800354,0.611284732819,0.537931442261,1.33918750286,2,1,1
1634523581245148303,7122,1634523581245036516,gps_m2/gps,3,35.0423811,137.2054676,104.792999268,0.614470660686,0.538975775242,1.34393143654,2,1,1
1634523582246941963,7123,1634523582246851510,gps_m2/gps,3,35.0422929,137.2057409,105.222999573,0.615882992744,0.539313077927,1.3477922678,2,1,1
1634523583244642778,7124,1634523583244518926,gps_m2/gps,3,35.0422028,137.2060133,105.681999207,0.616356134415,0.538872539997,1.35214197636,2,1,1
1634523584245307232,7125,1634523584245213527,gps_m2/gps,3,35.0421111,137.2062846,106.150001526,0.616558074951,0.539498269558,1.36401116848,2,1,1
1634523585244870452,7126,1634523585244778521,gps_m2/gps,3,35.0420173,137.2065545,106.624000549,0.617026150227,0.54143345356,1.38128125668,2,1,1
1634523586245297008,7127,1634523586245130679,gps_m2/gps,3,35.0419212,137.2068229,107.067001343,0.617136359215,0.544656455517,1.40422010422,2,1,1
1634523587246042862,7128,1634523587245100508,gps_m2/gps,3,35.041823,137.2070903,107.580001831,0.616640806198,0.548216342926,1.43076086044,2,1,1
1634523588244537892,7129,1634523588244365189,gps_m2/gps,3,35.0417224,137.2073566,108.042999268,0.616088807583,0.552042007446,1.4584287405,2,1,1
1634523589244815300,7130,1634523589244707787,gps_m2/gps,3,35.0416195,137.2076221,108.533996582,0.616058707237,0.556179583073,1.48016643524,2,1,1
1634523590244301232,7131,1634523590244129448,gps_m2/gps,3,35.041515,137.2078868,109.082000732,0.616123735905,0.56262332201,1.49697351456,2,1,1
1634523591245205410,7132,1634523591245108490,gps_m2/gps,3,35.0414077,137.2081491,108.958999634,0.619123697281,0.568245410919,1.51702797413,2,1,1
1634523592250975331,7133,1634523592250851777,gps_m2/gps,3,35.0412991,137.2084118,109.509002686,0.62323731184,0.573747694492,1.53604495525,2,1,1
1634523593245648202,7134,1634523593245262700,gps_m2/gps,3,35.0411895,137.2086738,110.066001892,0.625771582127,0.577826499939,1.54520893097,2,1,1
1634523594244278978,7135,1634523594244139860,gps_m2/gps,3,35.0410779,137.2089346,110.613998413,0.628034830093,0.580136835575,1.55041313171,2,1,1
1634523595245252843,7136,1634523595245127363,gps_m2/gps,3,35.0409645,137.2091951,111.120002747,0.629720568657,0.581587016582,1.55661475658,2,1,1
1634523596245256537,7137,1634523596245129743,gps_m2/gps,3,35.0408487,137.2094537,111.901000977,0.63180565834,0.583708405495,1.56174409389,2,1,1
1634523597245228029,7138,1634523597245142721,gps_m2/gps,3,35.0407309,137.2097112,112.369003296,0.631959319115,0.585132718086,1.56271874905,2,1,1
1634523598244636480,7139,1634523598244527666,gps_m2/gps,3,35.040611,137.2099681,112.916999817,0.631376028061,0.58519256115,1.56074881554,2,1,1
1634523599245301226,7140,1634523599245140435,gps_m2/gps,3,35.0404895,137.2102234,113.489997864,0.630426168442,0.584926128387,1.55608153343,2,1,1
1634523600245230185,7141,1634523600245133668,gps_m2/gps,3,35.040366,137.2104769,114.103996277,0.628525316715,0.584034919739,1.5470405817,2,1,1
1634523601245287695,7142,1634523601245172717,gps_m2/gps,3,35.040241,137.2107288,114.67099762,0.625995695591,0.583192110062,1.53945291042,2,1,1
1634523602245252570,7143,1634523602245143523,gps_m2/gps,3,35.040114,137.2109794,115.237998962,0.623428046703,0.580930173397,1.52581214905,2,1,1
1634523603247402399,7144,1634523603247240039,gps_m2/gps,3,35.0399851,137.2112282,115.808998108,0.620616734028,0.577747762203,1.50994801521,2,1,1
1634523604245369048,7145,1634523604245253277,gps_m2/gps,3,35.0398545,137.2114756,116.448997498,0.61786711216,0.575397014618,1.49718558788,2,1,1
1634523605245164404,7146,1634523605245070611,gps_m2/gps,3,35.0397225,137.2117215,117.019996643,0.615244448185,0.572600722313,1.48226058483,2,1,1
1634523606245375888,7147,1634523606245174072,gps_m2/gps,3,35.0395885,137.211966,117.622001648,0.612797379494,0.569037437439,1.46711146832,2,1,1
1634523607245211593,7148,1634523607245123884,gps_m2/gps,3,35.0394525,137.2122092,118.183998108,0.610065996647,0.56560844183,1.45231592655,2,1,1
1634523608245310438,7149,1634523608245178821,gps_m2/gps,3,35.0393146,137.2124507,118.763000488,0.607591807842,0.562741219997,1.43858277798,2,1,1
1634523609244616010,7150,1634523609244504166,gps_m2/gps,3,35.0391748,137.2126909,119.348999023,0.605438649654,0.560077369213,1.42633366585,2,1,1
1634523610246410212,7151,1634523610246218213,gps_m2/gps,3,35.0390331,137.2129295,119.931999207,0.6036272645,0.557534635067,1.41437292099,2,1,1
1634523611246827124,7152,1634523611246719546,gps_m2/gps,3,35.0388899,137.2131669,120.51599884,0.602007746696,0.554859578609,1.40243041515,2,1,1
1634523612246697349,7153,1634523612246486453,gps_m2/gps,3,35.0387454,137.2134031,121.097000122,0.600257396698,0.552418410778,1.39149177074,2,1,1
1634523613245324453,7154,1634523613245224944,gps_m2/gps,3,35.0385989,137.2136375,121.676002502,0.598805129528,0.550208091736,1.38146460056,2,1,1
1634523614245225184,7155,1634523614245101589,gps_m2/gps,3,35.0384504,137.2138704,122.225997925,0.597286581993,0.548025608063,1.37179660797,2,1,1
1634523615245298621,7156,1634523615245206363,gps_m2/gps,3,35.0383,137.2141018,122.797996521,0.595459640026,0.545857012272,1.36249041557,2,1,1
1634523616244637995,7157,1634523616244435885,gps_m2/gps,3,35.0381477,137.2143313,123.36000061,0.593818843365,0.543691515923,1.35382521152,2,1,1
1634523617245202625,7158,1634523617245102833,gps_m2/gps,3,35.0379933,137.214559,123.929000854,0.592574954033,0.541837334633,1.34627115726,2,1,1
1634523618245731591,7159,1634523618245607012,gps_m2/gps,3,35.0378376,137.2147853,124.477996826,0.591110765934,0.540208816528,1.33885955811,2,1,1
1634523619245285256,7160,1634523619245164441,gps_m2/gps,3,35.0376808,137.2150106,125.027999878,0.589537382126,0.538524150848,1.33189761639,2,1,1
1634523620245968295,7161,1634523620245555141,gps_m2/gps,3,35.0375226,137.2152344,125.560997009,0.588424384594,0.536817967892,1.32525491714,2,1,1
1634523621245512497,7162,1634523621245312202,gps_m2/gps,3,35.0373628,137.2154563,126.122001648,0.587612450123,0.535157501698,1.31917726994,2,1,1
1634523622245214618,7163,1634523622245126167,gps_m2/gps,3,35.0372014,137.2156764,126.68699646,0.586651742458,0.533718705177,1.31401073933,2,1,1
1634523623254718508,7164,1634523623250779893,gps_m2/gps,3,35.037038,137.215894,127.228996277,0.585433185101,0.532465934753,1.30935037136,2,1,1
1634523624245239142,7165,1634523624245134639,gps_m2/gps,3,35.0368727,137.2161092,127.81199646,0.584565103054,0.531771659851,1.30524492264,2,1,1
1634523625245305597,7166,1634523625245145807,gps_m2/gps,3,35.0367056,137.2163223,128.404998779,0.584255516529,0.532413542271,1.30342829227,2,1,1
1634523626245395201,7167,1634523626245267100,gps_m2/gps,3,35.0365371,137.216534,129.020004272,0.584852993488,0.53503459692,1.30500006676,2,1,1
1634523627245248077,7168,1634523627245121471,gps_m2/gps,3,35.0363675,137.2167443,129.841995239,0.586645483971,0.540506243706,1.30824792385,2,1,1
1634523628245345116,7169,1634523628245251576,gps_m2/gps,3,35.0362023,137.216953,130.45199585,0.586874127388,0.542059659958,1.30676603317,2,1,1
1634523629245320397,7170,1634523629245160994,gps_m2/gps,3,35.0360421,137.2171586,131.069000244,0.585792124271,0.541711211205,1.30592310429,2,1,1
1634523630245468878,7171,1634523630245260003,gps_m2/gps,3,35.0358849,137.2173591,131.645004272,0.585400283337,0.54253834486,1.30750823021,2,1,1
1634523631246192631,7172,1634523631246018625,gps_m2/gps,3,35.035731,137.2175529,132.268005371,0.585491001606,0.543966710567,1.3139693737,2,1,1
1634523632245221483,7173,1634523632245121582,gps_m2/gps,3,35.0355823,137.2177406,132.81300354,0.584967255592,0.546316027641,1.32396841049,2,1,1
1634523633245818384,7174,1634523633245720367,gps_m2/gps,3,35.0354383,137.2179223,133.330993652,0.584294199944,0.548950314522,1.33397769928,2,1,1
1634523634245216066,7175,1634523634245117664,gps_m2/gps,3,35.0352979,137.2180973,133.850006104,0.583802044392,0.551123976707,1.34099292755,2,1,1
1634523635246795068,7176,1634523635246686923,gps_m2/gps,3,35.0351599,137.2182642,134.324005127,0.583306610584,0.552826225758,1.34422707558,2,1,1
1634523636244252526,7177,1634523636244168432,gps_m2/gps,3,35.0350244,137.2184225,134.837005615,0.583675503731,0.555344283581,1.34673643112,2,1,1
1634523637245324263,7178,1634523637245175650,gps_m2/gps,3,35.0348927,137.218573,135.572998047,0.583838701248,0.558088779449,1.3497055769,2,1,1
1634523638245575374,7179,1634523638245470926,gps_m2/gps,3,35.0347657,137.2187153,136.496994019,0.583549678326,0.561434566975,1.35496854782,2,1,1
1634523639245937317,7180,1634523639245162630,gps_m2/gps,3,35.034644,137.2188495,137.520996094,0.583587229252,0.564407348633,1.3629565239,2,1,1
1634523640245284146,7181,1634523640245138122,gps_m2/gps,3,35.0345287,137.2189764,138.5,0.584414601326,0.571394622326,1.37283837795,2,1,1
1634523641245285114,7182,1634523641245156923,gps_m2/gps,3,35.0344201,137.2190968,139.442993164,0.585750460625,0.577438056469,1.38366210461,2,1,1
1634523642245504469,7183,1634523642245211221,gps_m2/gps,3,35.0343198,137.2192126,140.429992676,0.585906147957,0.578985273838,1.38555598259,2,1,1
1634523643245287211,7184,1634523643245179510,gps_m2/gps,3,35.0342294,137.2193257,141.317001343,0.585874557495,0.579706907272,1.38589370251,2,1,1
1634523644245240721,7185,1634523644245136981,gps_m2/gps,3,35.0341522,137.2194393,142.052993774,0.585988998413,0.580630362034,1.38518917561,2,1,1
1634523645245500136,7186,1634523645245348139,gps_m2/gps,3,35.0340925,137.2195564,142.727005005,0.58665150404,0.579854667187,1.38536262512,2,1,1
1634523646245308922,7187,1634523646245137710,gps_m2/gps,3,35.034054,137.2196767,143.24899292,0.588650763035,0.579841554165,1.39066588879,2,1,1
1634523647245271881,7188,1634523647245179445,gps_m2/gps,3,35.0340359,137.2197946,143.819000244,0.594286203384,0.595361948013,1.41177523136,2,1,1
1634523648245352032,7189,1634523648245271648,gps_m2/gps,3,35.0340283,137.2199057,144.113006592,1.11731791496,0.67604547739,1.51102137566,2,1,1
1634523649245570486,7190,1634523649245459383,gps_m2/gps,3,35.0340262,137.2200095,144.992004395,1.4387537241,0.698604822159,1.62697029114,2,1,1
1634523650244615378,7191,1634523650244477749,gps_m2/gps,3,35.0340434,137.2200962,144.386993408,1.44952523708,0.703450798988,1.64843332767,2,1,1
1634523651245377287,7192,1634523651245282455,gps_m2/gps,3,35.0340749,137.2201598,144.240997314,1.37945127487,0.699352383614,1.63609433174,2,1,1
1634523652248909198,7193,1634523652248730813,gps_m2/gps,3,35.0341191,137.2202032,144.108001709,1.31735813618,0.693279445171,1.6295055151,2,1,1
1634523653250903282,7194,1634523653250770302,gps_m2/gps,3,35.0341728,137.2202247,143.951004028,1.25873422623,0.687412977219,1.62031602859,2,1,1
1634523654245290684,7195,1634523654245170279,gps_m2/gps,3,35.0342341,137.2202306,143.779006958,1.20691633224,0.682300209999,1.61357092857,2,1,1
1634523655245223701,7196,1634523655245119000,gps_m2/gps,3,35.034299,137.2202328,143.580993652,1.16529941559,0.67862445116,1.61084091663,2,1,1
1634523656245321320,7197,1634523656245175793,gps_m2/gps,3,35.0343631,137.2202372,143.395996094,1.12537431717,0.674933791161,1.60679101944,2,1,1
1634523657245242578,7198,1634523657245144531,gps_m2/gps,3,35.0344215,137.2202504,143.145004272,1.09088671207,0.670725643635,1.60277700424,2,1,1
1634523658245272649,7199,1634523658245186422,gps_m2/gps,3,35.0344695,137.2202771,142.940994263,1.05646562576,0.666646420956,1.5991448164,2,1,1
1634523659246280802,7200,1634523659246165873,gps_m2/gps,3,35.034504,137.2203119,142.772994995,1.02343523502,0.663167238235,1.59492051601,2,1,1
1634523660245301863,7201,1634523660245166432,gps_m2/gps,3,35.0345272,137.2203487,142.636001587,0.990330517292,0.658288180828,1.58720254898,2,1,1
1634523661245374333,7202,1634523661245250515,gps_m2/gps,3,35.0345433,137.2203868,142.533996582,0.958800673485,0.651750326157,1.57296776772,2,1,1
1634523662245375275,7203,1634523662245192843,gps_m2/gps,3,35.0345525,137.2204249,142.470993042,0.92989718914,0.644952833652,1.55717563629,2,1,1
1634523663244402900,7204,1634523663244304978,gps_m2/gps,3,35.0345532,137.2204634,142.414993286,0.903434276581,0.638543188572,1.54232978821,2,1,1
1634523664247014987,7205,1634523664246888717,gps_m2/gps,3,35.0345433,137.2205044,142.395004272,0.879749953747,0.632162630558,1.52640450001,2,1,1
1634523665245302679,7206,1634523665245177171,gps_m2/gps,3,35.0345229,137.2205471,142.410003662,0.8582649827,0.625871300697,1.50960278511,2,1,1
1634523666245332254,7207,1634523666245217553,gps_m2/gps,3,35.0344955,137.2205917,142.414001465,0.844896674156,0.623701393604,1.50703895092,2,1,1
1634523667245266651,7208,1634523667245170409,gps_m2/gps,3,35.0344635,137.2206386,142.442001343,0.829952120781,0.620386838913,1.49609994888,2,1,1
1634523668245591965,7209,1634523668245367486,gps_m2/gps,3,35.0344294,137.2206863,142.492004395,0.813843727112,0.615229785442,1.48153281212,2,1,1
1634523669244539321,7210,1634523669244319982,gps_m2/gps,3,35.0343958,137.2207319,142.54699707,0.797607839108,0.608989655972,1.46477806568,2,1,1
1634523670245976219,7211,1634523670245882667,gps_m2/gps,3,35.0343647,137.2207748,142.580001831,0.782159984112,0.602634251118,1.44882154465,2,1,1
1634523671245510027,7212,1634523671245382348,gps_m2/gps,3,35.034336,137.2208148,142.593002319,0.766444981098,0.59606897831,1.43111109734,2,1,1
1634523672245850458,7213,1634523672245197841,gps_m2/gps,3,35.0343093,137.2208519,142.518005371,0.752675294876,0.589575409889,1.4154034853,2,1,1
1634523673245754664,7214,1634523673245649899,gps_m2/gps,3,35.0342837,137.2208878,142.488998413,0.740195274353,0.584076702595,1.40093493462,2,1,1
1634523674245444629,7215,1634523674245336019,gps_m2/gps,3,35.0342577,137.2209236,142.511001587,0.72892510891,0.579324483871,1.38769423962,2,1,1
1634523675245477723,7216,1634523675245309172,gps_m2/gps,3,35.0342304,137.22096,142.542007446,0.718639492989,0.575023710728,1.37611103058,2,1,1
1634523676244318304,7217,1634523676244227031,gps_m2/gps,3,35.034202,137.2209961,142.613006592,0.707990109921,0.570695221424,1.36427164078,2,1,1
1634523677245309430,7218,1634523677245227313,gps_m2/gps,3,35.0341748,137.2210304,142.656005859,0.698249876499,0.566164076328,1.35292983055,2,1,1
1634523678245300363,7219,1634523678245185892,gps_m2/gps,3,35.034149,137.2210637,142.667999268,0.689853608608,0.562112271786,1.3424782753,2,1,1
1634523679246595992,7220,1634523679246429523,gps_m2/gps,3,35.0341223,137.2210993,142.694000244,0.682841002941,0.558925688267,1.33418738842,2,1,1
1634523680245506724,7221,1634523680245348496,gps_m2/gps,3,35.0340954,137.2211357,142.742996216,0.67605638504,0.556112408638,1.32699203491,2,1,1
1634523681245274942,7222,1634523681245166719,gps_m2/gps,3,35.0340701,137.221171,142.798995972,0.66944873333,0.553227365017,1.31936359406,2,1,1
1634523682244348866,7223,1634523682244257679,gps_m2/gps,3,35.0340467,137.2212042,142.835998535,0.663063466549,0.550158679485,1.3114477396,2,1,1
1634523683251188318,7224,1634523683250908953,gps_m2/gps,3,35.0340256,137.2212348,142.87600708,0.656906425953,0.547389388084,1.30478549004,2,1,1
1634523684245559800,7225,1634523684245164777,gps_m2/gps,3,35.0340098,137.2212639,142.908996582,0.651125013828,0.544858336449,1.29834806919,2,1,1
1634523685248793095,7226,1634523685245193352,gps_m2/gps,3,35.0340015,137.2212927,142.929992676,0.645863056183,0.542529881001,1.2923541069,2,1,1
1634523686244571447,7227,1634523686244425238,gps_m2/gps,3,35.0340004,137.2213201,142.929992676,0.640884160995,0.540502786636,1.28665852547,2,1,1
1634523687245284589,7228,1634523687245192373,gps_m2/gps,3,35.0340041,137.221342,142.910003662,0.636023700237,0.538486301899,1.28171062469,2,1,1
1634523688245255895,7229,1634523688245176460,gps_m2/gps,3,35.0340077,137.2213547,142.895004272,0.631066024303,0.536516904831,1.27701401711,2,1,1
1634523689245278693,7230,1634523689245177986,gps_m2/gps,3,35.0340085,137.2213574,142.893997192,0.627081751823,0.535128891468,1.27348136902,2,1,1
1634523690244403168,7231,1634523690244272773,gps_m2/gps,3,35.0340085,137.2213574,142.901000977,0.623633205891,0.533978164196,1.27076148987,2,1,1
1634523691244476604,7232,1634523691244311375,gps_m2/gps,3,35.0340084,137.2213575,142.906997681,0.620179414749,0.53273832798,1.26788556576,2,1,1
1634523692244672227,7233,1634523692244358831,gps_m2/gps,3,35.0340084,137.2213576,142.908004761,0.616914927959,0.53147149086,1.26512312889,2,1,1
1634523693245284121,7234,1634523693245180157,gps_m2/gps,3,35.0340084,137.2213577,142.912002563,0.613723218441,0.530177891254,1.26248812675,2,1,1
1634523694244526202,7235,1634523694244397552,gps_m2/gps,3,35.0340084,137.2213579,142.914993286,0.610531151295,0.528909265995,1.25994288921,2,1,1
1634523695245127481,7236,1634523695244801783,gps_m2/gps,3,35.0340084,137.221358,142.917999268,0.60733050108,0.527749598026,1.25756561756,2,1,1
1634523696244428449,7237,1634523696244336485,gps_m2/gps,3,35.0340083,137.2213581,142.919998169,0.604095697403,0.526642382145,1.25529932976,2,1,1
1634523697244288272,7238,1634523697244201930,gps_m2/gps,3,35.0340082,137.2213582,142.914993286,0.601020276546,0.525564610958,1.25305914879,2,1,1
1634523698244435452,7239,1634523698244344862,gps_m2/gps,3,35.0340082,137.2213582,142.912002563,0.598122239113,0.524499595165,1.25083231926,2,1,1
1634523699244471491,7240,1634523699244369837,gps_m2/gps,3,35.0340082,137.2213583,142.914993286,0.595517873764,0.52345085144,1.24868953228,2,1,1
1634523700245674256,7241,1634523700245533856,gps_m2/gps,3,35.0340081,137.2213583,142.914001465,0.593264818192,0.522370815277,1.24632012844,2,1,1
1634523701244384555,7242,1634523701244280929,gps_m2/gps,3,35.0340081,137.2213584,142.916000366,0.591254472733,0.521391928196,1.24450349808,2,1,1
1634523702244322610,7243,1634523702244203281,gps_m2/gps,3,35.034008,137.2213583,142.917999268,0.58935958147,0.520491302013,1.24262344837,2,1,1
1634523703245141422,7244,1634523703244702085,gps_m2/gps,3,35.034008,137.2213583,142.906997681,0.587442815304,0.519521534443,1.24035668373,2,1,1
1634523704247737962,7245,1634523704247648470,gps_m2/gps,3,35.034008,137.2213583,142.899002075,0.585649728775,0.518569946289,1.23838233948,2,1,1
1634523705244415085,7246,1634523705244328896,gps_m2/gps,3,35.0340079,137.2213584,142.897994995,0.583601891994,0.517533004284,1.23610079288,2,1,1
1634523706245281015,7247,1634523706245176124,gps_m2/gps,3,35.0340079,137.2213585,142.893005371,0.581663668156,0.516492605209,1.2343558073,2,1,1
1634523707244408194,7248,1634523707244319422,gps_m2/gps,3,35.0340079,137.2213585,142.899993896,0.579820990562,0.51552438736,1.23280143738,2,1,1
1634523708245114790,7249,1634523708244452861,gps_m2/gps,3,35.0340078,137.2213585,142.906005859,0.577931165695,0.514626264572,1.23138928413,2,1,1
1634523709244433731,7250,1634523709244345255,gps_m2/gps,3,35.0340078,137.2213586,142.904998779,0.57640594244,0.513883650303,1.23039352894,2,1,1
1634523710244509268,7251,1634523710244355588,gps_m2/gps,3,35.0340079,137.2213586,142.906005859,0.574846029282,0.513021945953,1.22851550579,2,1,1
1634523711244487825,7252,1634523711244383671,gps_m2/gps,3,35.0340079,137.2213587,142.908004761,0.573134303093,0.51193100214,1.22598612309,2,1,1
1634523712244529535,7253,1634523712244426516,gps_m2/gps,3,35.0340079,137.2213587,142.910995483,0.571416437626,0.510922968388,1.22341179848,2,1,1
1634523713245258895,7254,1634523713245172393,gps_m2/gps,3,35.0340079,137.2213587,142.923995972,0.569755136967,0.509895801544,1.22077834606,2,1,1
1634523714244337563,7255,1634523714244224233,gps_m2/gps,3,35.0340079,137.2213587,142.934005737,0.568174004555,0.508788049221,1.21824717522,2,1,1
1634523715245360700,7256,1634523715245231575,gps_m2/gps,3,35.0340079,137.2213588,142.936004639,0.566796898842,0.507794260979,1.21611869335,2,1,1
1634523716245287526,7257,1634523716245170779,gps_m2/gps,3,35.034008,137.2213588,142.93699646,0.565507471561,0.506912887096,1.21406018734,2,1,1
1634523717245243339,7258,1634523717245140664,gps_m2/gps,3,35.034008,137.2213588,142.945999146,0.56417286396,0.506106376648,1.21206867695,2,1,1
1634523718245235077,7259,1634523718245138177,gps_m2/gps,3,35.0340081,137.2213589,142.958999634,0.562973022461,0.505339682102,1.21018362045,2,1,1
1634523719245254421,7260,1634523719245133200,gps_m2/gps,3,35.0340081,137.2213589,142.966995239,0.561802566051,0.504680395126,1.20864093304,2,1,1
1634523720250889152,7261,1634523720250773898,gps_m2/gps,3,35.0340081,137.221359,142.973999023,0.560648322105,0.504179656506,1.20756804943,2,1,1
1634523721245871843,7262,1634523721245465811,gps_m2/gps,3,35.0340081,137.221359,142.977005005,0.559615433216,0.503710091114,1.20657503605,2,1,1
1634523722245209386,7263,1634523722245097345,gps_m2/gps,3,35.0340081,137.221359,142.988006592,0.558629155159,0.50329554081,1.2057441473,2,1,1
1634523723245438668,7264,1634523723245143129,gps_m2/gps,3,35.0340081,137.221359,142.990997314,0.557703018188,0.50287759304,1.20496702194,2,1,1
1634523724245303946,7265,1634523724245183045,gps_m2/gps,3,35.0340081,137.221359,142.990997314,0.556851565838,0.502485692501,1.20429420471,2,1,1
1634523725245719704,7266,1634523725245420098,gps_m2/gps,3,35.0340081,137.221359,143.00100708,0.556076228619,0.502073526382,1.20358467102,2,1,1
1634523726245161813,7267,1634523726245066305,gps_m2/gps,3,35.0340081,137.2213591,143.003997803,0.555304169655,0.501529693604,1.20263648033,2,1,1
1634523727245231675,7268,1634523727245114019,gps_m2/gps,3,35.0340081,137.2213591,143.0,0.554516792297,0.50097244978,1.2017223835,2,1,1
1634523728245249164,7269,1634523728245155107,gps_m2/gps,3,35.0340082,137.2213591,142.994995117,0.553506672382,0.500406324863,1.20076704025,2,1,1
1634523729245216753,7270,1634523729245112893,gps_m2/gps,3,35.0340083,137.2213592,142.988006592,0.552273392677,0.499747186899,1.19936037064,2,1,1
1634523730245198986,7271,1634523730245115282,gps_m2/gps,3,35.0340083,137.2213592,142.981002808,0.551096022129,0.499112278223,1.19786572456,2,1,1
1634523731245617164,7272,1634523731245160861,gps_m2/gps,3,35.0340083,137.2213593,142.983001709,0.549962759018,0.498600244522,1.19643080235,2,1,1
1634523732246694490,7273,1634523732246391715,gps_m2/gps,3,35.0340083,137.2213594,142.979995728,0.548919200897,0.498239934444,1.19566261768,2,1,1
1634523733244318323,7274,1634523733244213495,gps_m2/gps,3,35.0340083,137.2213593,142.977996826,0.547909319401,0.498028159142,1.19526970387,2,1,1
1634523734245322209,7275,1634523734245127319,gps_m2/gps,3,35.0340083,137.2213593,142.972000122,0.546964347363,0.497860431671,1.19497025013,2,1,1
1634523735244294900,7276,1634523735244187536,gps_m2/gps,3,35.0340083,137.2213593,142.964996338,0.546051621437,0.497593343258,1.19443297386,2,1,1
1634523736248414538,7277,1634523736248304809,gps_m2/gps,3,35.0340083,137.2213593,142.957992554,0.54530018568,0.497381716967,1.19452261925,2,1,1
1634523737244848579,7278,1634523737244746681,gps_m2/gps,3,35.0340083,137.2213594,142.955993652,0.54445874691,0.49734634161,1.19481468201,2,1,1
1634523738245355905,7279,1634523738245211386,gps_m2/gps,3,35.0340082,137.2213594,142.945999146,0.543704748154,0.49738830328,1.1952559948,2,1,1
1634523739245230438,7280,1634523739245128385,gps_m2/gps,3,35.0340083,137.2213594,142.93800354,0.543007552624,0.497406125069,1.19573235512,2,1,1
1634523740244615558,7281,1634523740244522570,gps_m2/gps,3,35.0340083,137.2213595,142.925994873,0.54234880209,0.497433811426,1.19614839554,2,1,1
1634523741244518806,7282,1634523741244323434,gps_m2/gps,3,35.0340084,137.2213595,142.927993774,0.541708111763,0.497462034225,1.19653332233,2,1,1
1634523742244428766,7283,1634523742244336283,gps_m2/gps,3,35.0340084,137.2213595,142.930999756,0.541088998318,0.497401714325,1.19685924053,2,1,1
1634523743246874569,7284,1634523743244293174,gps_m2/gps,3,35.0340085,137.2213596,142.932998657,0.540491342545,0.497236549854,1.19709658623,2,1,1
1634523744245107272,7285,1634523744244924301,gps_m2/gps,3,35.0340085,137.2213596,142.923995972,0.539840996265,0.497024953365,1.19710791111,2,1,1
1634523745245150705,7286,1634523745244992524,gps_m2/gps,3,35.0340085,137.2213596,142.912994385,0.5390381217,0.496820867062,1.19685852528,2,1,1
1634523746244352564,7287,1634523746244241611,gps_m2/gps,3,35.0340084,137.2213596,142.901992798,0.538299441338,0.496754795313,1.19684565067,2,1,1
1634523747246020420,7288,1634523747245861258,gps_m2/gps,3,35.0340084,137.2213596,142.899993896,0.537607014179,0.496711075306,1.19690239429,2,1,1
1634523748248084787,7289,1634523748246734548,gps_m2/gps,3,35.0340084,137.2213596,142.895004272,0.537030160427,0.496709167957,1.19711208344,2,1,1
1634523749245299170,7290,1634523749245188341,gps_m2/gps,3,35.0340084,137.2213596,142.897994995,0.536612272263,0.496878415346,1.19791150093,2,1,1
1634523750244264564,7291,1634523750244169817,gps_m2/gps,3,35.0340085,137.2213596,142.891998291,0.536123156548,0.497091531754,1.19863367081,2,1,1
1634523751245209200,7292,1634523751245103763,gps_m2/gps,3,35.0340085,137.2213596,142.884002686,0.535657286644,0.497283667326,1.19936478138,2,1,1
1634523752245249505,7293,1634523752245147386,gps_m2/gps,3,35.0340086,137.2213596,142.880004883,0.535213530064,0.497468948364,1.20006752014,2,1,1
1634523753245199311,7294,1634523753245109872,gps_m2/gps,3,35.0340086,137.2213597,142.878005981,0.534738779068,0.497660428286,1.20077371597,2,1,1
1634523754245233268,7295,1634523754245114631,gps_m2/gps,3,35.0340087,137.2213597,142.875,0.534274578094,0.497784942389,1.20106041431,2,1,1
1634523755246076728,7296,1634523755245961799,gps_m2/gps,3,35.0340087,137.2213598,142.878997803,0.533706843853,0.497774600983,1.20081150532,2,1,1
1634523756245284150,7297,1634523756245183672,gps_m2/gps,3,35.0340088,137.2213598,142.867996216,0.533071219921,0.497651278973,1.20051157475,2,1,1
1634523757245344146,7298,1634523757245263250,gps_m2/gps,3,35.0340088,137.2213598,142.863998413,0.532669425011,0.497452259064,1.20042002201,2,1,1
1634523758245252513,7299,1634523758245165928,gps_m2/gps,3,35.0340089,137.2213598,142.863998413,0.532619595528,0.497273862362,1.20042157173,2,1,1
1634523759245603701,7300,1634523759245166874,gps_m2/gps,3,35.0340089,137.2213598,142.867004395,0.532491505146,0.497087627649,1.2002466917,2,1,1
1634523760245995710,7301,1634523760245848699,gps_m2/gps,3,35.034009,137.2213598,142.869995117,0.532411515713,0.496948212385,1.20027399063,2,1,1
1634523761244432112,7302,1634523761244340360,gps_m2/gps,3,35.034009,137.2213598,142.875,0.532390773296,0.496839940548,1.20032942295,2,1,1
1634523762245384232,7303,1634523762245161846,gps_m2/gps,3,35.0340091,137.2213598,142.878005981,0.532422542572,0.496841579676,1.20043778419,2,1,1
1634523763244400210,7304,1634523763244281675,gps_m2/gps,3,35.0340091,137.2213599,142.88999939,0.53270983696,0.496979892254,1.20067226887,2,1,1
1634523764245476893,7305,1634523764245222012,gps_m2/gps,3,35.0340092,137.2213599,142.88999939,0.533133625984,0.497023850679,1.2009357214,2,1,1
1634523765245284992,7306,1634523765245186452,gps_m2/gps,3,35.0340092,137.2213599,142.882995605,0.533631384373,0.497067958117,1.20132696629,2,1,1
1634523766245108958,7307,1634523766245015372,gps_m2/gps,3,35.0340093,137.2213599,142.880004883,0.534291386604,0.497074872255,1.20130646229,2,1,1
1634523767245266664,7308,1634523767245120650,gps_m2/gps,3,35.0340093,137.22136,142.882995605,0.534959793091,0.497022926807,1.20092701912,2,1,1
1634523768245218866,7309,1634523768245134204,gps_m2/gps,3,35.0340093,137.22136,142.882995605,0.53564876318,0.496995359659,1.20051062107,2,1,1
1634523769245485995,7310,1634523769245280080,gps_m2/gps,3,35.0340093,137.22136,142.880996704,0.536185324192,0.496914952993,1.20011258125,2,1,1
1634523770246967549,7311,1634523770246867676,gps_m2/gps,3,35.0340093,137.22136,142.89100647,0.536538898945,0.496821463108,1.19960463047,2,1,1
1634523771246167753,7312,1634523771246049621,gps_m2/gps,3,35.0340093,137.22136,142.897003174,0.536843657494,0.496782153845,1.19900417328,2,1,1
1634523772245369477,7313,1634523772245267518,gps_m2/gps,3,35.0340093,137.22136,142.904006958,0.537107467651,0.496716976166,1.19843244553,2,1,1
1634523773247023991,7314,1634523773246871064,gps_m2/gps,3,35.0340093,137.22136,142.910995483,0.53736692667,0.496592253447,1.19790828228,2,1,1
1634523774245239181,7315,1634523774245131933,gps_m2/gps,3,35.0340093,137.2213601,142.912994385,0.537580251694,0.496484488249,1.19733977318,2,1,1
1634523775245236884,7316,1634523775245132716,gps_m2/gps,3,35.0340093,137.2213602,142.921005249,0.537792921066,0.496389299631,1.1968306303,2,1,1
1634523776245305402,7317,1634523776245219199,gps_m2/gps,3,35.0340094,137.2213602,142.929000854,0.538134336472,0.49622553587,1.19611477852,2,1,1
1634523777244320302,7318,1634523777244216775,gps_m2/gps,3,35.0340093,137.2213604,142.947998047,0.538559019566,0.4960950315,1.19533920288,2,1,1
1634523778245273745,7319,1634523778245183602,gps_m2/gps,3,35.0340093,137.2213605,142.970993042,0.538888573647,0.496283322573,1.19563543797,2,1,1
1634523779245330214,7320,1634523779245220108,gps_m2/gps,3,35.0340093,137.2213606,142.998001099,0.539307534695,0.496948868036,1.19750285149,2,1,1
1634523780245348708,7321,1634523780245255508,gps_m2/gps,3,35.0340093,137.2213606,143.011993408,0.540016770363,0.497914195061,1.20036935806,2,1,1
1634523781245347485,7322,1634523781245231236,gps_m2/gps,3,35.0340093,137.2213606,143.001998901,0.540778875351,0.49864372611,1.20237398148,2,1,1
1634523782245366922,7323,1634523782245249325,gps_m2/gps,3,35.0340093,137.2213606,143.013000488,0.54136800766,0.498933553696,1.20276415348,2,1,1
1634523783245389549,7324,1634523783245276156,gps_m2/gps,3,35.0340093,137.2213606,143.01600647,0.541534662247,0.498988807201,1.20240581036,2,1,1
1634523784245668156,7325,1634523784245279343,gps_m2/gps,3,35.0340093,137.2213607,143.020996094,0.541348993778,0.498895943165,1.20151734352,2,1,1
1634523785245303310,7326,1634523785245210311,gps_m2/gps,3,35.0340093,137.2213608,143.018997192,0.541079163551,0.498615920544,1.19980502129,2,1,1
1634523786245344854,7327,1634523786245228936,gps_m2/gps,3,35.0340093,137.2213608,143.01600647,0.540803849697,0.498154342175,1.19783735275,2,1,1
1634523787245393878,7328,1634523787245214508,gps_m2/gps,3,35.0340093,137.2213608,143.024993896,0.540499985218,0.497619658709,1.19587123394,2,1,1
1634523788245386465,7329,1634523788245278807,gps_m2/gps,3,35.0340093,137.2213609,143.035003662,0.540246486664,0.497131079435,1.19397902489,2,1,1
1634523789247488756,7330,1634523789247369392,gps_m2/gps,3,35.0340093,137.2213609,143.054000854,0.539862811565,0.496544897556,1.19194567204,2,1,1
1634523790245330934,7331,1634523790245242290,gps_m2/gps,3,35.0340093,137.2213609,143.06300354,0.539376616478,0.496011734009,1.19041526318,2,1,1
1634523791245351712,7332,1634523791245227335,gps_m2/gps,3,35.0340093,137.221361,143.065002441,0.53880661726,0.495546907187,1.18898534775,2,1,1
1634523792245647912,7333,1634523792245243971,gps_m2/gps,3,35.0340092,137.221361,143.065002441,0.538265407085,0.495084553957,1.18781018257,2,1,1
1634523793245968251,7334,1634523793245852120,gps_m2/gps,3,35.0340092,137.221361,143.072006226,0.537813961506,0.494591057301,1.18627119064,2,1,1
1634523794245363963,7335,1634523794245239239,gps_m2/gps,3,35.0340092,137.2213611,143.085998535,0.537530004978,0.494865745306,1.18790984154,2,1,1
1634523795245375763,7336,1634523795245268619,gps_m2/gps,3,35.0340092,137.2213611,143.106002808,0.537391483784,0.495883643627,1.19101655483,2,1,1
1634523796245175054,7337,1634523796245066549,gps_m2/gps,3,35.0340092,137.2213611,143.128997803,0.537325978279,0.496394097805,1.19217407703,2,1,1
1634523797245302145,7338,1634523797245193864,gps_m2/gps,3,35.0340092,137.2213612,143.147994995,0.537246763706,0.496617555618,1.19264173508,2,1,1
1634523798245689185,7339,1634523798245375588,gps_m2/gps,3,35.0340091,137.2213613,143.160003662,0.53711938858,0.496702194214,1.19277215004,2,1,1
1634523799245222081,7340,1634523799245036787,gps_m2/gps,3,35.0340091,137.2213613,143.179992676,0.53695243597,0.496655315161,1.19259643555,2,1,1
1634523800247289695,7341,1634523800247139451,gps_m2/gps,3,35.0340091,137.2213613,143.190002441,0.536784172058,0.49661681056,1.19238746166,2,1,1
1634523801245402906,7342,1634523801245282735,gps_m2/gps,3,35.0340091,137.2213614,143.20300293,0.536667644978,0.496614128351,1.19229650497,2,1,1
1634523802245386892,7343,1634523802245271709,gps_m2/gps,3,35.034009,137.2213614,143.218994141,0.536457419395,0.496606051922,1.19233644009,2,1,1
1634523803245451093,7344,1634523803245261603,gps_m2/gps,3,35.034009,137.2213614,143.227005005,0.536176502705,0.496568739414,1.1921043396,2,1,1
1634523804245524334,7345,1634523804245308908,gps_m2/gps,3,35.034009,137.2213615,143.229995728,0.536002933979,0.496521860361,1.1915102005,2,1,1
1634523805245590659,7346,1634523805245345664,gps_m2/gps,3,35.034009,137.2213614,143.23399353,0.535910189152,0.496465444565,1.19096958637,2,1,1
1634523806245339966,7347,1634523806245239432,gps_m2/gps,3,35.034009,137.2213614,143.238998413,0.535843849182,0.496521621943,1.19083595276,2,1,1
1634523807245108514,7348,1634523807245014578,gps_m2/gps,3,35.034009,137.2213614,143.236999512,0.535813212395,0.496693879366,1.19097268581,2,1,1
1634523808245103543,7349,1634523808245008392,gps_m2/gps,3,35.034009,137.2213614,143.24899292,0.535777926445,0.496836662292,1.1911367178,2,1,1
1634523809245164612,7350,1634523809245076839,gps_m2/gps,3,35.0340089,137.2213614,143.255004883,0.535750508308,0.496947914362,1.19126200676,2,1,1
1634523810244785289,7351,1634523810244691942,gps_m2/gps,3,35.0340089,137.2213615,143.253997803,0.535724103451,0.497048527002,1.1913383007,2,1,1
1634523811245488242,7352,1634523811245306475,gps_m2/gps,3,35.034009,137.2213615,143.251998901,0.535690486431,0.497152537107,1.19147872925,2,1,1
1634523812245259068,7353,1634523812245168398,gps_m2/gps,3,35.034009,137.2213615,143.25,0.535650670528,0.497238099575,1.19157493114,2,1,1
1634523813245167058,7354,1634523813245081404,gps_m2/gps,3,35.0340089,137.2213615,143.255004883,0.535598099232,0.497195601463,1.1911162138,2,1,1
1634523814247057248,7355,1634523814246834288,gps_m2/gps,3,35.0340089,137.2213616,143.259002686,0.53564697504,0.497287511826,1.19097566605,2,1,1
1634523815245343550,7356,1634523815245231146,gps_m2/gps,3,35.0340089,137.2213616,143.259002686,0.535813391209,0.497614771128,1.191162467,2,1,1
1634523816245604526,7357,1634523816245242534,gps_m2/gps,3,35.034009,137.2213616,143.259002686,0.536010026932,0.497940778732,1.19134640694,2,1,1
1634523817245325003,7358,1634523817245231445,gps_m2/gps,3,35.0340089,137.2213616,143.253005981,0.536113500595,0.498298555613,1.1915730238,2,1,1
1634523818245950713,7359,1634523818245728668,gps_m2/gps,3,35.0340089,137.2213617,143.25,0.536127030849,0.498654782772,1.19182932377,2,1,1
1634523819245315456,7360,1634523819245232782,gps_m2/gps,3,35.034009,137.2213617,143.248001099,0.536170661449,0.49899289012,1.19211637974,2,1,1
1634523820245225866,7361,1634523820245119034,gps_m2/gps,3,35.0340091,137.2213618,143.240005493,0.536305189133,0.499390006065,1.19273638725,2,1,1
1634523821245513705,7362,1634523821245318666,gps_m2/gps,3,35.0340091,137.2213618,143.233001709,0.536386907101,0.499712020159,1.19305098057,2,1,1
1634523822244420946,7363,1634523822244322114,gps_m2/gps,3,35.0340091,137.2213619,143.214004517,0.536445498466,0.499942302704,1.19330406189,2,1,1
1634523823245958799,7364,1634523823245822732,gps_m2/gps,3,35.0340091,137.221362,143.210006714,0.536763012409,0.500120341778,1.19343936443,2,1,1
1634523824245492227,7365,1634523824245300614,gps_m2/gps,3,35.0340091,137.2213621,143.197998047,0.537225842476,0.500394999981,1.19388473034,2,1,1
1634523825245104548,7366,1634523825245016104,gps_m2/gps,3,35.0340091,137.2213621,143.18699646,0.537497639656,0.500631511211,1.19392561913,2,1,1
1634523826245344342,7367,1634523826245260557,gps_m2/gps,3,35.0340091,137.2213622,143.175003052,0.537824034691,0.500909864902,1.19405388832,2,1,1
1634523827245360857,7368,1634523827245259258,gps_m2/gps,3,35.0340091,137.2213622,143.164001465,0.538290500641,0.501157045364,1.19411182404,2,1,1
1634523828245118794,7369,1634523828245025225,gps_m2/gps,3,35.0340092,137.2213623,143.158996582,0.538701593876,0.501225531101,1.19378662109,2,1,1
1634523829244418172,7370,1634523829244321066,gps_m2/gps,3,35.0340092,137.2213623,143.143997192,0.539124369621,0.501294314861,1.19378018379,2,1,1
1634523830245093638,7371,1634523830245012094,gps_m2/gps,3,35.0340092,137.2213624,143.130004883,0.53937715292,0.501459896564,1.19415092468,2,1,1
1634523831245117933,7372,1634523831244990188,gps_m2/gps,3,35.0340092,137.2213624,143.111999512,0.539336621761,0.501567542553,1.19455265999,2,1,1
1634523832244415609,7373,1634523832244289014,gps_m2/gps,3,35.0340092,137.2213625,143.104003906,0.539324223995,0.501707613468,1.19499623775,2,1,1
1634523833245136796,7374,1634523833244981821,gps_m2/gps,3,35.0340092,137.2213626,143.106002808,0.539265990257,0.501900017262,1.19553458691,2,1,1
1634523834244294474,7375,1634523834244197265,gps_m2/gps,3,35.0340092,137.2213626,143.100006104,0.539218306541,0.501927256584,1.19545507431,2,1,1
1634523835244343197,7376,1634523835244250074,gps_m2/gps,3,35.0340092,137.2213627,143.091003418,0.53915733099,0.501797616482,1.19495797157,2,1,1
1634523836244381117,7377,1634523836244277910,gps_m2/gps,3,35.0340092,137.2213628,143.087997437,0.539017498493,0.501746058464,1.1944218874,2,1,1
1634523837244308911,7378,1634523837244201332,gps_m2/gps,3,35.0340092,137.2213628,143.091003418,0.538978755474,0.501703083515,1.19389688969,2,1,1
1634523838245039865,7379,1634523838244950600,gps_m2/gps,3,35.0340092,137.2213629,143.087997437,0.538983106613,0.501619815826,1.19343852997,2,1,1
1634523839245727173,7380,1634523839245582820,gps_m2/gps,3,35.0340092,137.2213629,143.093994141,0.539006948471,0.501567006111,1.19311344624,2,1,1
1634523840245139955,7381,1634523840245003420,gps_m2/gps,3,35.0340092,137.221363,143.100997925,0.539034247398,0.501524150372,1.19284260273,2,1,1
1634523841244413762,7382,1634523841244212245,gps_m2/gps,3,35.0340092,137.221363,143.097000122,0.538954257965,0.501464545727,1.19232416153,2,1,1
1634523842244329937,7383,1634523842244242548,gps_m2/gps,3,35.0340091,137.221363,143.093002319,0.538922131062,0.501436650753,1.19191455841,2,1,1
1634523843244990066,7384,1634523843244866604,gps_m2/gps,3,35.0340091,137.2213631,143.089996338,0.538595497608,0.501367509365,1.19150435925,2,1,1
1634523844245108753,7385,1634523844244987847,gps_m2/gps,3,35.0340091,137.2213632,143.095993042,0.537916302681,0.501241922379,1.19089210033,2,1,1
1634523845246886482,7386,1634523845246785822,gps_m2/gps,3,35.0340091,137.2213633,143.098007202,0.537285089493,0.501077115536,1.19024288654,2,1,1
1634523846245028353,7387,1634523846244946367,gps_m2/gps,3,35.034009,137.2213633,143.100997925,0.536725223064,0.500934362411,1.18973231316,2,1,1
1634523847244327004,7388,1634523847244224117,gps_m2/gps,3,35.034009,137.2213634,143.108001709,0.53622418642,0.500857889652,1.1890822649,2,1,1
1634523848244341088,7389,1634523848244232008,gps_m2/gps,3,35.034009,137.2213635,143.115005493,0.536103606224,0.50084477663,1.18879425526,2,1,1
1634523849244590652,7390,1634523849244515928,gps_m2/gps,3,35.034009,137.2213635,143.119003296,0.536289036274,0.500781834126,1.18869400024,2,1,1
1634523850244450643,7391,1634523850244280699,gps_m2/gps,3,35.034009,137.2213636,143.113998413,0.536428809166,0.50061160326,1.18852567673,2,1,1
1634523851244312994,7392,1634523851244228672,gps_m2/gps,3,35.034009,137.2213636,143.119995117,0.536541640759,0.500402390957,1.18844509125,2,1,1
1634523852244414743,7393,1634523852244280104,gps_m2/gps,3,35.034009,137.2213637,143.128005981,0.536573767662,0.500178098679,1.18833100796,2,1,1
1634523853244590887,7394,1634523853244282444,gps_m2/gps,3,35.034009,137.2213637,143.132995605,0.536714613438,0.50000333786,1.18821048737,2,1,1
1634523854244352683,7395,1634523854244230227,gps_m2/gps,3,35.034009,137.2213638,143.130004883,0.536846220493,0.499910145998,1.18827462196,2,1,1
1634523855246892307,7396,1634523855246781022,gps_m2/gps,3,35.0340091,137.2213638,143.134994507,0.536932826042,0.499842464924,1.18840587139,2,1,1
1634523856244373319,7397,1634523856244258957,gps_m2/gps,3,35.0340091,137.2213639,143.128997803,0.536941051483,0.499740362167,1.18835401535,2,1,1
1634523857244639660,7398,1634523857244225255,gps_m2/gps,3,35.0340091,137.2213639,143.119995117,0.536935389042,0.499672144651,1.18839597702,2,1,1
1634523858244691255,7399,1634523858244456044,gps_m2/gps,3,35.0340092,137.221364,143.130996704,0.536892950535,0.49962541461,1.18838691711,2,1,1
1634523859244794533,7400,1634523859244677806,gps_m2/gps,3,35.0340092,137.2213641,143.139007568,0.536838650703,0.499550431967,1.18843531609,2,1,1
1634523860244610879,7401,1634523860244465258,gps_m2/gps,3,35.0340092,137.2213642,143.149993896,0.53680574894,0.499465197325,1.18855524063,2,1,1
1634523861245678497,7402,1634523861244771179,gps_m2/gps,3,35.0340092,137.2213643,143.156005859,0.536736488342,0.499350607395,1.18861079216,2,1,1
1634523862244388465,7403,1634523862244257523,gps_m2/gps,3,35.0340092,137.2213643,143.160995483,0.536712765694,0.499163091183,1.188544631,2,1,1
1634523863244508139,7404,1634523863244307969,gps_m2/gps,3,35.0340092,137.2213644,143.162002563,0.536706328392,0.499109983444,1.18874204159,2,1,1
1634523864244271472,7405,1634523864244178006,gps_m2/gps,3,35.0340092,137.2213645,143.164001465,0.536698937416,0.499212861061,1.18900752068,2,1,1
1634523865244367419,7406,1634523865244272307,gps_m2/gps,3,35.0340092,137.2213645,143.17199707,0.536693692207,0.499310672283,1.18931090832,2,1,1
1634523866244421603,7407,1634523866244326578,gps_m2/gps,3,35.0340093,137.2213646,143.177001953,0.53658413887,0.499310493469,1.18932723999,2,1,1
1634523867245101493,7408,1634523867245011269,gps_m2/gps,3,35.0340093,137.2213647,143.179000854,0.536514699459,0.499257415533,1.18927383423,2,1,1
1634523868244423133,7409,1634523868244320226,gps_m2/gps,3,35.0340093,137.2213647,143.186004639,0.536546945572,0.499288499355,1.18949067593,2,1,1
1634523869244354061,7410,1634523869244223874,gps_m2/gps,3,35.0340093,137.2213648,143.197006226,0.536748528481,0.499354839325,1.18965852261,2,1,1
1634523870247019997,7411,1634523870246874623,gps_m2/gps,3,35.0340093,137.2213649,143.205001831,0.537136912346,0.499247908592,1.18916618824,2,1,1
1634523871244371571,7412,1634523871244271936,gps_m2/gps,3,35.0340094,137.221365,143.207000732,0.537363469601,0.499094218016,1.18870353699,2,1,1
1634523872244654306,7413,1634523872244287012,gps_m2/gps,3,35.0340094,137.221365,143.207992554,0.537318587303,0.498957812786,1.18802845478,2,1,1
1634523873246943628,7414,1634523873246837721,gps_m2/gps,3,35.0340095,137.2213651,143.212005615,0.537268042564,0.498798966408,1.18731069565,2,1,1
1634523874244340728,7415,1634523874244247650,gps_m2/gps,3,35.0340095,137.2213651,143.216003418,0.537455916405,0.498560875654,1.18665385246,2,1,1
1634523875245343769,7416,1634523875245205282,gps_m2/gps,3,35.0340095,137.2213651,143.220993042,0.537937879562,0.49830186367,1.18620693684,2,1,1
1634523876244368204,7417,1634523876244280460,gps_m2/gps,3,35.0340095,137.2213652,143.218994141,0.538521528244,0.498096585274,1.18600714207,2,1,1
1634523877244368612,7418,1634523877244226226,gps_m2/gps,3,35.0340095,137.2213652,143.210998535,0.539057731628,0.497995972633,1.18627631664,2,1,1
1634523878244610695,7419,1634523878244351702,gps_m2/gps,3,35.0340095,137.2213652,143.20300293,0.539457023144,0.49795410037,1.18659949303,2,1,1
1634523879244355616,7420,1634523879244250125,gps_m2/gps,3,35.0340095,137.2213652,143.20199585,0.539818406105,0.497882962227,1.18691551685,2,1,1
1634523880246862463,7421,1634523880246749342,gps_m2/gps,3,35.0340095,137.2213652,143.197998047,0.540286660194,0.49792855978,1.18749713898,2,1,1
1634523881245414367,7422,1634523881245318632,gps_m2/gps,3,35.0340095,137.2213652,143.190002441,0.540667653084,0.498033195734,1.18801259995,2,1,1
1634523882244630677,7423,1634523882244533172,gps_m2/gps,3,35.0340095,137.2213652,143.169006348,0.540993511677,0.498010247946,1.18840885162,2,1,1
1634523883244338447,7424,1634523883244244461,gps_m2/gps,3,35.0340095,137.2213651,143.164001465,0.541064977646,0.498061478138,1.18905258179,2,1,1
1634523884245172124,7425,1634523884245033920,gps_m2/gps,3,35.0340095,137.2213651,143.169998169,0.540893912315,0.498216420412,1.18984019756,2,1,1
1634523885246738499,7426,1634523885244349949,gps_m2/gps,3,35.0340095,137.221365,143.171005249,0.54072958231,0.498339176178,1.19035816193,2,1,1
1634523886244338529,7427,1634523886244251398,gps_m2/gps,3,35.0340095,137.221365,143.167999268,0.540670275688,0.498432517052,1.19080889225,2,1,1
1634523887244339478,7428,1634523887244223460,gps_m2/gps,3,35.0340096,137.2213649,143.156005859,0.540618062019,0.498521864414,1.19114255905,2,1,1
1634523888244465953,7429,1634523888244288457,gps_m2/gps,3,35.0340096,137.2213649,143.151000977,0.540592849255,0.498614370823,1.19153952599,2,1,1
1634523889244814190,7430,1634523889244613989,gps_m2/gps,3,35.0340096,137.2213648,143.143005371,0.540579915047,0.498704731464,1.19191741943,2,1,1
1634523890244394061,7431,1634523890244288282,gps_m2/gps,3,35.0340096,137.2213648,143.134994507,0.540582954884,0.498884409666,1.19239926338,2,1,1
1634523891244510867,7432,1634523891244394931,gps_m2/gps,3,35.0340096,137.2213648,143.121994019,0.540655255318,0.499161034822,1.19285702705,2,1,1
1634523892245177082,7433,1634523892244999621,gps_m2/gps,3,35.0340096,137.2213647,143.10899353,0.540619373322,0.499375194311,1.19323146343,2,1,1
1634523893244493425,7434,1634523893244349566,gps_m2/gps,3,35.0340095,137.2213647,143.102005005,0.54047358036,0.49953225255,1.19355273247,2,1,1
1634523894247591523,7435,1634523894247468577,gps_m2/gps,3,35.0340095,137.2213647,143.093994141,0.540397882462,0.499663442373,1.19383776188,2,1,1
1634523895244508088,7436,1634523895244398950,gps_m2/gps,3,35.0340095,137.2213647,143.085998535,0.540395736694,0.499948978424,1.19481265545,2,1,1
1634523896244422876,7437,1634523896244330248,gps_m2/gps,3,35.0340096,137.2213646,143.074996948,0.540402829647,0.500381946564,1.19605958462,2,1,1
1634523897244416695,7438,1634523897244310472,gps_m2/gps,3,35.0340096,137.2213646,143.065002441,0.540356218815,0.50081205368,1.19722485542,2,1,1
1634523898244342630,7439,1634523898244251417,gps_m2/gps,3,35.0340096,137.2213646,143.059005737,0.540356695652,0.501209318638,1.19858074188,2,1,1
1634523899246213932,7440,1634523899246061822,gps_m2/gps,3,35.0340096,137.2213646,143.046005249,0.540302336216,0.501488924026,1.19965088367,2,1,1
1634523900244476853,7441,1634523900244363071,gps_m2/gps,3,35.0340096,137.2213646,143.027999878,0.540168225765,0.501724839211,1.20047974586,2,1,1
1634523901244359958,7442,1634523901244243364,gps_m2/gps,3,35.0340095,137.2213646,143.005004883,0.540036082268,0.501950502396,1.2014220953,2,1,1
1634523902245451826,7443,1634523902245338069,gps_m2/gps,3,35.0340096,137.2213645,142.983001709,0.540028989315,0.502105951309,1.20196914673,2,1,1
1634523903245167868,7444,1634523903245064579,gps_m2/gps,3,35.0340096,137.2213645,142.966003418,0.540242135525,0.502171039581,1.20218503475,2,1,1
1634523904244396148,7445,1634523904244246273,gps_m2/gps,3,35.0340096,137.2213644,142.957000732,0.54043006897,0.502303957939,1.20268654823,2,1,1
1634523905244333809,7446,1634523905244238367,gps_m2/gps,3,35.0340096,137.2213643,142.934997559,0.540615856647,0.502330243587,1.20275390148,2,1,1
1634523906244419978,7447,1634523906244343967,gps_m2/gps,3,35.0340096,137.2213642,142.916000366,0.540683746338,0.50220233202,1.20260465145,2,1,1
1634523907244381896,7448,1634523907244281375,gps_m2/gps,3,35.0340096,137.2213642,142.899002075,0.540808737278,0.502131283283,1.20234084129,2,1,1
1634523908244384966,7449,1634523908244287789,gps_m2/gps,3,35.0340096,137.2213642,142.880996704,0.541238665581,0.502090513706,1.20185875893,2,1,1
1634523909244406364,7450,1634523909244299711,gps_m2/gps,3,35.0340096,137.2213641,142.865997314,0.541725516319,0.50195723772,1.20107889175,2,1,1
1634523910244428260,7451,1634523910244315320,gps_m2/gps,3,35.0340096,137.221364,142.854995728,0.542084574699,0.501826822758,1.20020365715,2,1,1
1634523911244503235,7452,1634523911244302684,gps_m2/gps,3,35.0340095,137.2213639,142.837997437,0.54238307476,0.501897752285,1.1999373436,2,1,1
1634523912244442093,7453,1634523912244354058,gps_m2/gps,3,35.0340095,137.2213639,142.826004028,0.542776226997,0.502161026001,1.20007562637,2,1,1
1634523913244926077,7454,1634523913244824608,gps_m2/gps,3,35.0340095,137.2213638,142.815994263,0.543388545513,0.502462506294,1.20050048828,2,1,1
1634523914246256883,7455,1634523914246088754,gps_m2/gps,3,35.0340095,137.2213638,142.804992676,0.544074475765,0.502744615078,1.20089972019,2,1,1
1634523915248045788,7456,1634523915246890266,gps_m2/gps,3,35.0340094,137.2213637,142.794998169,0.544667899609,0.502835988998,1.20073926449,2,1,1
1634523916244441190,7457,1634523916244324746,gps_m2/gps,3,35.0340093,137.2213636,142.789993286,0.545372605324,0.50279122591,1.20034456253,2,1,1
1634523917244376500,7458,1634523917244278123,gps_m2/gps,3,35.0340092,137.2213636,142.789001465,0.545981824398,0.502753734589,1.19994783401,2,1,1
1634523918244370602,7459,1634523918244257024,gps_m2/gps,3,35.0340092,137.2213635,142.789001465,0.546435594559,0.502781450748,1.19954442978,2,1,1
1634523919245753271,7460,1634523919245299788,gps_m2/gps,3,35.0340092,137.2213635,142.789993286,0.546927273273,0.50282150507,1.1991379261,2,1,1
1634523920244515609,7461,1634523920244376764,gps_m2/gps,3,35.0340091,137.2213634,142.792999268,0.547339320183,0.502731978893,1.19866883755,2,1,1
1634523921246884925,7462,1634523921246791388,gps_m2/gps,3,35.0340091,137.2213633,142.792999268,0.547586321831,0.502587139606,1.19816553593,2,1,1
1634523922244401983,7463,1634523922244292519,gps_m2/gps,3,35.034009,137.2213633,142.792007446,0.547769725323,0.502464473248,1.19775867462,2,1,1
1634523923245108784,7464,1634523923244313744,gps_m2/gps,3,35.034009,137.2213633,142.796005249,0.547426819801,0.501985371113,1.19589996338,2,1,1
1634523924246500495,7465,1634523924246381491,gps_m2/gps,3,35.0340089,137.2213633,142.783004761,0.547276735306,0.501668453217,1.19515788555,2,1,1
1634523925244540664,7466,1634523925244319237,gps_m2/gps,3,35.0340089,137.2213632,142.774002075,0.547605395317,0.501739680767,1.19505739212,2,1,1
1634523926244564016,7467,1634523926244389049,gps_m2/gps,3,35.034009,137.2213632,142.768997192,0.547915041447,0.501679956913,1.19493126869,2,1,1
1634523927244354877,7468,1634523927244260230,gps_m2/gps,3,35.034009,137.2213631,142.76499939,0.548290073872,0.501526713371,1.19431221485,2,1,1
1634523928244358641,7469,1634523928244270566,gps_m2/gps,3,35.034009,137.221363,142.764007568,0.548663377762,0.501248419285,1.19337236881,2,1,1
1634523929245246497,7470,1634523929245123090,gps_m2/gps,3,35.034009,137.221363,142.753005981,0.549021363258,0.501023173332,1.19259154797,2,1,1
